CREATE DATABASE  IF NOT EXISTS `control_escolar` /*!40100 DEFAULT CHARACTER SET utf8mb4 COLLATE utf8mb4_0900_ai_ci */ /*!80016 DEFAULT ENCRYPTION='N' */;
USE `control_escolar`;
-- MySQL dump 10.13  Distrib 8.0.17, for Win64 (x86_64)
--
-- Host: localhost    Database: control_escolar
-- ------------------------------------------------------
-- Server version	8.0.17

/*!40101 SET @OLD_CHARACTER_SET_CLIENT=@@CHARACTER_SET_CLIENT */;
/*!40101 SET @OLD_CHARACTER_SET_RESULTS=@@CHARACTER_SET_RESULTS */;
/*!40101 SET @OLD_COLLATION_CONNECTION=@@COLLATION_CONNECTION */;
/*!50503 SET NAMES utf8 */;
/*!40103 SET @OLD_TIME_ZONE=@@TIME_ZONE */;
/*!40103 SET TIME_ZONE='+00:00' */;
/*!40014 SET @OLD_UNIQUE_CHECKS=@@UNIQUE_CHECKS, UNIQUE_CHECKS=0 */;
/*!40014 SET @OLD_FOREIGN_KEY_CHECKS=@@FOREIGN_KEY_CHECKS, FOREIGN_KEY_CHECKS=0 */;
/*!40101 SET @OLD_SQL_MODE=@@SQL_MODE, SQL_MODE='NO_AUTO_VALUE_ON_ZERO' */;
/*!40111 SET @OLD_SQL_NOTES=@@SQL_NOTES, SQL_NOTES=0 */;

--
-- Table structure for table `alumno`
--

DROP TABLE IF EXISTS `alumno`;
/*!40101 SET @saved_cs_client     = @@character_set_client */;
/*!50503 SET character_set_client = utf8mb4 */;
CREATE TABLE `alumno` (
  `curp` varchar(18) NOT NULL,
  `nom_alumno` varchar(20) NOT NULL,
  `appat` varchar(20) NOT NULL,
  `apmat` varchar(20) NOT NULL,
  `sexo` varchar(1) NOT NULL,
  `edad` tinyint(2) NOT NULL,
  `grado` int(1) NOT NULL,
  `grupo` varchar(1) NOT NULL,
  `nom_tutor` varchar(20) NOT NULL,
  `appat_tutor` varchar(20) NOT NULL,
  `apmat_tutor` varchar(20) NOT NULL,
  `tel_tutor` bigint(10) NOT NULL,
  `correo` varchar(50) NOT NULL,
  PRIMARY KEY (`curp`),
  KEY `Fk_grado_idx` (`grado`),
  KEY `Fk_grupo_idx` (`grupo`),
  CONSTRAINT `Fk_grado` FOREIGN KEY (`grado`) REFERENCES `grado` (`grado`) ON DELETE CASCADE ON UPDATE CASCADE,
  CONSTRAINT `Fk_grupo` FOREIGN KEY (`grupo`) REFERENCES `grupo` (`grupo`) ON DELETE CASCADE ON UPDATE CASCADE
) ENGINE=InnoDB DEFAULT CHARSET=utf8mb4 COLLATE=utf8mb4_0900_ai_ci;
/*!40101 SET character_set_client = @saved_cs_client */;

--
-- Dumping data for table `alumno`
--

LOCK TABLES `alumno` WRITE;
/*!40000 ALTER TABLE `alumno` DISABLE KEYS */;
INSERT INTO `alumno` VALUES ('4543BHJGBHJBCKD554','miguel','angel','guevara','M',7,1,'A','MIGUEL','ANGEL','SANCHEZ',7444444444,'miguelagf54@gmail.com'),('645654VHJVGVFGHJ78','JUANITO','PEREZ FRAN','ANABAN','M',7,2,'B','DGSGR','FGBDFTH','GDGR',7777777778,'RHRTHTH'),('7MDSJ272391JSLM111','ALEXANDER','corona','torres','M',7,1,'A','angel','perez','Dominguez',7442242299,'marcoizecson.cardenas@outlook.com'),('AAVJ790923MGRBLN08','JANNET','ABARCA','VALDEZ','F',6,1,'A','Ricardo','Diaz','Montes',7445229831,'marcoizecson.cardenas@outlook.com'),('AFBV199780M8RLR12','bryam fernando','valle','Mariano','M',7,1,'A','Pedro','Galeana','Dominguez',7442042290,'pedro_galeana@gmail.com'),('AIRC110529MGRTSMA5','Camila Zoe','Atrisco','Rios','F',7,2,'A','Marisol','Diaz','Rios',7444092178,'marisol_rios@gmail.com'),('CAAM990621HGRRBR02','Marco Antonio','Cárdenas','Abarca','M',6,1,'A','Miguel Angel','Cardenas','Moreno',123456789,'notiene'),('CAMM551229HGRRRG06','MIGUEL ANGEL','CARDENAS','MORENO','M',6,1,'B','Miguel Angel','Campos','Montesinos',7445821369,'marcoizecson.cardenas@outlook.com'),('CARJ110720HGRSYNA7','Juan Armando','Castrejon','Reyes','M',7,2,'A','Beatriz','Ocampo','Reyes',7445092771,'beatriz_reyesgmail.com'),('DGTDHGGF675GFG67GH','Juan Daniel','Rodri','Manzanarez','M',6,1,'A','Alexis','Garcia','Lopez',7445151566,'kakakaka@gmail.com'),('FBDFBDF765FGH6767','ADRIAN','PIEDRA','FABIAN','M',7,2,'B','FBFHFH','FHGFHFG','BTHNM',4543546546,'BFGDFGFD'),('fvrgtgh565gtfgth56','alexis','val','var','M',9,4,'B','maria','gar','resen',7373761536,'nnaa@gmail.com'),('GAMX110720MGRLRMA7','Ximena Jazel','Galeana','Mariano','F',7,2,'A','Pedro','Galeana','Dominguez',7442042290,'marcoizecson.cardenas@outlook.com'),('GFTBSV8862M0093892','Yoel','hernandes','aguero','M',7,1,'A','logan','Galeana','Dominguez',7442042290,'yoel@gmail.com'),('GSFWY992MNJD0NDSDS',' pancho','clover','Mariano','M',7,1,'A','alex','hernan','hernandez',7442042290,'dasdsad@gmail.com'),('GURK110920MGRTMLA4','Keely Ximena','Gutierrez','Rumbo','F',8,3,'A','Juan','Gutierrez','Hernandez',7445015773,'Juan_gutierrez@gmail.com'),('HGSIHD88873NSK0OI9','fernando','valle','Mariano','M',7,1,'A','alexis','Galeana','Dominguez',7442042290,'valle@gmail.com'),('JJJJJDHS63792NDMSF','juan ','lopez','Mariano','M',7,1,'A','luzu','Galeana','Dominguez',7442042290,'pedro_galeana@gmail.com'),('LEFD110313MGRNLRA3','Darina','Leon','Flores','F',8,3,'A','Laura','Herrera','Flores',7445213692,'laura_flores@gmail.com'),('MAGS110519HGRRNNA3','Dante Elery','Martinez','Gonzalez','M',8,3,'A','Diana','Gomez','Gonzalez',7443512108,'diana_gomez@gmail.com'),('MMHDSU83MMSNJE8291','amgel','medina','Mariano','M',7,1,'A','Pedro','Galeana','Dominguez',7442042290,'pedro_galeana@gmail.com'),('MOCG110603HGRNRLA1','Guillermo','Montero','Cardenas','M',9,4,'A','Angel','Montero','Moreno',7442425190,'angel_montero@outlook.com'),('MOTL110206MGRRRZA5','Luz Alexa','Morantes','Trani','F',9,4,'A','Sergio','Morantes','Rodriguez',7442432288,'motog8plus.20@gmail.com'),('OAMM110711HGRCDTA7','Mateo','Ocampo','Medina','M',9,4,'A','Irma','Medina','Martinez',7445452799,'motog8plus.20@gmail.com'),('PAAK111103MGRLRRA8','Karla Zoe','Paloalto','Arzeta','F',10,5,'A','Denis','Arzeta','Montero',7441310031,'denis_arzeta@outlook.com'),('PITR940215HTSZHD04','Rodolfo Gilbert','Pizarro','Thomas','M',11,6,'B','Rodolfo','Pizarro','Romero',7444202122,'Rodo_2021@yahoo.com'),('RAGS111122HGRMRLA6','Saul Ivan','Ramirez','Garcia','M',10,5,'A','Elena','Garcia','Montenegro',7441998800,'elena_garcia@outlook.com'),('SOCR110715HGRTVGA0','Jose Rogelio','Soto','Cuevas','M',10,5,'A','Eduardo','Soto','Mendez',7445776611,'motog8plus.20@gmail.com'),('TOFS110203MGRRRRA2','Sarah Hesed','Torres','Frias','F',11,6,'B','Miguel Angel','Torres','Mendiola',7441443443,'marcoizecson.cardenas@outlook.com'),('WW40V199580F8RLR00','Ruben Double','deloya','perez','M',7,1,'A','Pedro','Galeana','Dominguez',7442042266,'pedro_@hotmaill.com'),('ZABA110620HGRRSRA7','Arturo Leonardo','Zaragoza','Bustos','M',11,6,'B','Alexis','Zaragoza','Fernandez',7444112221,'alexis_xxx@yahoo.com');
/*!40000 ALTER TABLE `alumno` ENABLE KEYS */;
UNLOCK TABLES;

--
-- Table structure for table `calif_mensual`
--

DROP TABLE IF EXISTS `calif_mensual`;
/*!40101 SET @saved_cs_client     = @@character_set_client */;
/*!50503 SET character_set_client = utf8mb4 */;
CREATE TABLE `calif_mensual` (
  `id_calif` int(11) NOT NULL,
  `mes` varchar(12) NOT NULL,
  `clave_materia` varchar(10) NOT NULL,
  `calificacion` double NOT NULL,
  `curp` varchar(18) NOT NULL,
  PRIMARY KEY (`id_calif`),
  KEY `Fk_curp_mes_idx` (`curp`),
  KEY `Fk_materia_idx` (`clave_materia`),
  CONSTRAINT `Fk_curp_mes` FOREIGN KEY (`curp`) REFERENCES `alumno` (`curp`) ON DELETE CASCADE ON UPDATE CASCADE,
  CONSTRAINT `Fk_materia` FOREIGN KEY (`clave_materia`) REFERENCES `materias` (`clave_materia`) ON DELETE CASCADE ON UPDATE CASCADE
) ENGINE=InnoDB DEFAULT CHARSET=utf8mb4 COLLATE=utf8mb4_0900_ai_ci;
/*!40101 SET character_set_client = @saved_cs_client */;

--
-- Dumping data for table `calif_mensual`
--

LOCK TABLES `calif_mensual` WRITE;
/*!40000 ALTER TABLE `calif_mensual` DISABLE KEYS */;
INSERT INTO `calif_mensual` VALUES (0,'Diagnostico','art004',9,'fvrgtgh565gtfgth56'),(83,'Diagnostico','art002',9.2,'GAMX110720MGRLRMA7'),(84,'Diagnostico','conome002',9.2,'GAMX110720MGRLRMA7'),(85,'Diagnostico','edufisi002',9.5,'GAMX110720MGRLRMA7'),(86,'Diagnostico','edusoc002',8.5,'GAMX110720MGRLRMA7'),(87,'Diagnostico','infrob002',10,'GAMX110720MGRLRMA7'),(88,'Diagnostico','ingles002',7.1,'GAMX110720MGRLRMA7'),(89,'Diagnostico','lenma002',6.1,'GAMX110720MGRLRMA7'),(90,'Diagnostico','mate002',5,'GAMX110720MGRLRMA7'),(91,'Septiembre','art002',10,'GAMX110720MGRLRMA7'),(92,'Septiembre','conome002',10,'GAMX110720MGRLRMA7'),(93,'Septiembre','edufisi002',10,'GAMX110720MGRLRMA7'),(94,'Septiembre','edusoc002',10,'GAMX110720MGRLRMA7'),(95,'Septiembre','infrob002',10,'GAMX110720MGRLRMA7'),(96,'Septiembre','ingles002',10,'GAMX110720MGRLRMA7'),(97,'Septiembre','lenma002',10,'GAMX110720MGRLRMA7'),(98,'Septiembre','mate002',10,'GAMX110720MGRLRMA7'),(99,'Octubre','art002',9.2,'GAMX110720MGRLRMA7'),(100,'Octubre','conome002',8.3,'GAMX110720MGRLRMA7'),(101,'Octubre','edufisi002',8.1,'GAMX110720MGRLRMA7'),(102,'Octubre','edusoc002',8.3,'GAMX110720MGRLRMA7'),(103,'Octubre','infrob002',8.7,'GAMX110720MGRLRMA7'),(104,'Octubre','ingles002',9.3,'GAMX110720MGRLRMA7'),(105,'Octubre','lenma002',10,'GAMX110720MGRLRMA7'),(106,'Octubre','mate002',10,'GAMX110720MGRLRMA7'),(115,'Diagnostico','art001',10,'CAAM990621HGRRBR02'),(116,'Diagnostico','conome001',10,'CAAM990621HGRRBR02'),(117,'Diagnostico','edufisi001',8.4,'CAAM990621HGRRBR02'),(118,'Diagnostico','edusoc001',7.2,'CAAM990621HGRRBR02'),(119,'Diagnostico','infrob001',9.3,'CAAM990621HGRRBR02'),(120,'Diagnostico','ingles001',7.2,'CAAM990621HGRRBR02'),(121,'Diagnostico','lenma001',7.2,'CAAM990621HGRRBR02'),(122,'Diagnostico','mate001',7.3,'CAAM990621HGRRBR02'),(123,'Septiembre','art001',10,'CAAM990621HGRRBR02'),(124,'Septiembre','conome001',10,'CAAM990621HGRRBR02'),(125,'Septiembre','edufisi001',5,'CAAM990621HGRRBR02'),(126,'Septiembre','edusoc001',10,'CAAM990621HGRRBR02'),(127,'Septiembre','infrob001',5,'CAAM990621HGRRBR02'),(128,'Septiembre','ingles001',9.2,'CAAM990621HGRRBR02'),(129,'Septiembre','lenma001',8.2,'CAAM990621HGRRBR02'),(130,'Septiembre','mate001',10,'CAAM990621HGRRBR02'),(131,'Octubre','art001',10,'CAAM990621HGRRBR02'),(132,'Octubre','conome001',10,'CAAM990621HGRRBR02'),(133,'Octubre','edufisi001',10,'CAAM990621HGRRBR02'),(134,'Octubre','edusoc001',10,'CAAM990621HGRRBR02'),(135,'Octubre','infrob001',10,'CAAM990621HGRRBR02'),(136,'Octubre','ingles001',10,'CAAM990621HGRRBR02'),(137,'Octubre','lenma001',10,'CAAM990621HGRRBR02'),(138,'Octubre','mate001',10,'CAAM990621HGRRBR02'),(147,'Diagnostico','art001',10,'4543BHJGBHJBCKD554'),(148,'Diagnostico','conome001',10,'4543BHJGBHJBCKD554'),(149,'Diagnostico','edufisi001',10,'4543BHJGBHJBCKD554'),(150,'Diagnostico','edusoc001',10,'4543BHJGBHJBCKD554'),(151,'Diagnostico','infrob001',10,'4543BHJGBHJBCKD554'),(152,'Diagnostico','ingles001',10,'4543BHJGBHJBCKD554'),(153,'Diagnostico','lenma001',10,'4543BHJGBHJBCKD554'),(154,'Diagnostico','mate001',10,'4543BHJGBHJBCKD554'),(155,'Septiembre','art001',10,'4543BHJGBHJBCKD554'),(156,'Septiembre','conome001',10,'4543BHJGBHJBCKD554'),(157,'Septiembre','edufisi001',10,'4543BHJGBHJBCKD554'),(158,'Septiembre','edusoc001',10,'4543BHJGBHJBCKD554'),(159,'Septiembre','infrob001',10,'4543BHJGBHJBCKD554'),(160,'Septiembre','ingles001',10,'4543BHJGBHJBCKD554'),(161,'Septiembre','lenma001',10,'4543BHJGBHJBCKD554'),(162,'Septiembre','mate001',10,'4543BHJGBHJBCKD554'),(163,'Diagnostico','art002',6.1,'AIRC110529MGRTSMA5'),(164,'Diagnostico','conome002',7.1,'AIRC110529MGRTSMA5'),(165,'Diagnostico','edufisi002',8.3,'AIRC110529MGRTSMA5'),(166,'Diagnostico','edusoc002',8.4,'AIRC110529MGRTSMA5'),(167,'Diagnostico','infrob002',8.6,'AIRC110529MGRTSMA5'),(168,'Diagnostico','ingles002',10,'AIRC110529MGRTSMA5'),(169,'Diagnostico','lenma002',10,'AIRC110529MGRTSMA5'),(170,'Diagnostico','mate002',10,'AIRC110529MGRTSMA5'),(179,'Octubre','art001',10,'4543BHJGBHJBCKD554'),(180,'Octubre','conome001',5,'4543BHJGBHJBCKD554'),(181,'Octubre','edufisi001',6.4,'4543BHJGBHJBCKD554'),(182,'Octubre','edusoc001',8.8,'4543BHJGBHJBCKD554'),(183,'Octubre','infrob001',9.7,'4543BHJGBHJBCKD554'),(184,'Octubre','ingles001',9.1,'4543BHJGBHJBCKD554'),(185,'Octubre','lenma001',9.2,'4543BHJGBHJBCKD554'),(186,'Octubre','mate001',9.4,'4543BHJGBHJBCKD554'),(187,'Nov/Dic','art001',6.4,'CAAM990621HGRRBR02'),(188,'Nov/Dic','conome001',6.4,'CAAM990621HGRRBR02'),(189,'Nov/Dic','edufisi001',6.6,'CAAM990621HGRRBR02'),(190,'Nov/Dic','edusoc001',6.7,'CAAM990621HGRRBR02'),(191,'Nov/Dic','infrob001',7.7,'CAAM990621HGRRBR02'),(192,'Nov/Dic','ingles001',7.2,'CAAM990621HGRRBR02'),(193,'Nov/Dic','lenma001',8.1,'CAAM990621HGRRBR02'),(194,'Nov/Dic','mate001',5,'CAAM990621HGRRBR02'),(195,'Nov/Dic','art001',5,'4543BHJGBHJBCKD554'),(196,'Nov/Dic','conome001',5,'4543BHJGBHJBCKD554'),(197,'Nov/Dic','edufisi001',5,'4543BHJGBHJBCKD554'),(198,'Nov/Dic','edusoc001',5,'4543BHJGBHJBCKD554'),(199,'Nov/Dic','infrob001',6.6,'4543BHJGBHJBCKD554'),(200,'Nov/Dic','ingles001',7.2,'4543BHJGBHJBCKD554'),(201,'Nov/Dic','lenma001',6.2,'4543BHJGBHJBCKD554'),(202,'Nov/Dic','mate001',5,'4543BHJGBHJBCKD554'),(203,'Diagnostico','art006',6.5,'PITR940215HTSZHD04'),(204,'Diagnostico','cinatu006',7.3,'PITR940215HTSZHD04'),(205,'Diagnostico','edufisi006',8.3,'PITR940215HTSZHD04'),(206,'Diagnostico','edusoc006',9.2,'PITR940215HTSZHD04'),(207,'Diagnostico','espa006',10,'PITR940215HTSZHD04'),(208,'Diagnostico','fce006',7.4,'PITR940215HTSZHD04'),(209,'Diagnostico','geo006',6.6,'PITR940215HTSZHD04'),(210,'Diagnostico','his006',8.4,'PITR940215HTSZHD04'),(211,'Diagnostico','infrob006',9.5,'PITR940215HTSZHD04'),(212,'Diagnostico','ingles006',10,'PITR940215HTSZHD04'),(213,'Diagnostico','mate006',5,'PITR940215HTSZHD04'),(214,'Septiembre','art006',6.5,'PITR940215HTSZHD04'),(215,'Septiembre','cinatu006',6.9,'PITR940215HTSZHD04'),(216,'Septiembre','edufisi006',8.4,'PITR940215HTSZHD04'),(217,'Septiembre','edusoc006',9.6,'PITR940215HTSZHD04'),(218,'Septiembre','espa006',5,'PITR940215HTSZHD04'),(219,'Septiembre','fce006',10,'PITR940215HTSZHD04'),(220,'Septiembre','geo006',6.3,'PITR940215HTSZHD04'),(221,'Septiembre','his006',9.5,'PITR940215HTSZHD04'),(222,'Septiembre','infrob006',8.5,'PITR940215HTSZHD04'),(223,'Septiembre','ingles006',9.7,'PITR940215HTSZHD04'),(224,'Septiembre','mate006',10,'PITR940215HTSZHD04'),(225,'Octubre','art006',8.4,'PITR940215HTSZHD04'),(226,'Octubre','cinatu006',9.3,'PITR940215HTSZHD04'),(227,'Octubre','edufisi006',5,'PITR940215HTSZHD04'),(228,'Octubre','edusoc006',9.3,'PITR940215HTSZHD04'),(229,'Octubre','espa006',6.7,'PITR940215HTSZHD04'),(230,'Octubre','fce006',10,'PITR940215HTSZHD04'),(231,'Octubre','geo006',9.4,'PITR940215HTSZHD04'),(232,'Octubre','his006',7.4,'PITR940215HTSZHD04'),(233,'Octubre','infrob006',8.4,'PITR940215HTSZHD04'),(234,'Octubre','ingles006',7.2,'PITR940215HTSZHD04'),(235,'Octubre','mate006',9.4,'PITR940215HTSZHD04'),(236,'Nov/Dic','art006',7.2,'PITR940215HTSZHD04'),(237,'Nov/Dic','cinatu006',8.2,'PITR940215HTSZHD04'),(238,'Nov/Dic','edufisi006',9.3,'PITR940215HTSZHD04'),(239,'Nov/Dic','edusoc006',9.4,'PITR940215HTSZHD04'),(240,'Nov/Dic','espa006',6.6,'PITR940215HTSZHD04'),(241,'Nov/Dic','fce006',8.5,'PITR940215HTSZHD04'),(242,'Nov/Dic','geo006',9.3,'PITR940215HTSZHD04'),(243,'Nov/Dic','his006',10,'PITR940215HTSZHD04'),(244,'Nov/Dic','infrob006',8.1,'PITR940215HTSZHD04'),(245,'Nov/Dic','ingles006',9.9,'PITR940215HTSZHD04'),(246,'Nov/Dic','mate006',6.6,'PITR940215HTSZHD04'),(247,'Enero','art006',8.2,'PITR940215HTSZHD04'),(248,'Enero','cinatu006',7.1,'PITR940215HTSZHD04'),(249,'Enero','edufisi006',5,'PITR940215HTSZHD04'),(250,'Enero','edusoc006',9.2,'PITR940215HTSZHD04'),(251,'Enero','espa006',8.7,'PITR940215HTSZHD04'),(252,'Enero','fce006',9.3,'PITR940215HTSZHD04'),(253,'Enero','geo006',8.3,'PITR940215HTSZHD04'),(254,'Enero','his006',5,'PITR940215HTSZHD04'),(255,'Enero','infrob006',7.2,'PITR940215HTSZHD04'),(256,'Enero','ingles006',8.5,'PITR940215HTSZHD04'),(257,'Enero','mate006',9.7,'PITR940215HTSZHD04'),(258,'Febrero','art006',8.3,'PITR940215HTSZHD04'),(259,'Febrero','cinatu006',9.4,'PITR940215HTSZHD04'),(260,'Febrero','edufisi006',8.2,'PITR940215HTSZHD04'),(261,'Febrero','edusoc006',7.3,'PITR940215HTSZHD04'),(262,'Febrero','espa006',6.7,'PITR940215HTSZHD04'),(263,'Febrero','fce006',6.3,'PITR940215HTSZHD04'),(264,'Febrero','geo006',8.3,'PITR940215HTSZHD04'),(265,'Febrero','his006',9.1,'PITR940215HTSZHD04'),(266,'Febrero','infrob006',10,'PITR940215HTSZHD04'),(267,'Febrero','ingles006',6.5,'PITR940215HTSZHD04'),(268,'Febrero','mate006',5,'PITR940215HTSZHD04'),(269,'Marzo','art006',7.1,'PITR940215HTSZHD04'),(270,'Marzo','cinatu006',8.1,'PITR940215HTSZHD04'),(271,'Marzo','edufisi006',9.1,'PITR940215HTSZHD04'),(272,'Marzo','edusoc006',10,'PITR940215HTSZHD04'),(273,'Marzo','espa006',5,'PITR940215HTSZHD04'),(274,'Marzo','fce006',9.5,'PITR940215HTSZHD04'),(275,'Marzo','geo006',8.1,'PITR940215HTSZHD04'),(276,'Marzo','his006',7.3,'PITR940215HTSZHD04'),(277,'Marzo','infrob006',6.5,'PITR940215HTSZHD04'),(278,'Marzo','ingles006',7.7,'PITR940215HTSZHD04'),(279,'Marzo','mate006',8.7,'PITR940215HTSZHD04'),(280,'Abril','art006',6.2,'PITR940215HTSZHD04'),(281,'Abril','cinatu006',7.1,'PITR940215HTSZHD04'),(282,'Abril','edufisi006',7.3,'PITR940215HTSZHD04'),(283,'Abril','edusoc006',8.4,'PITR940215HTSZHD04'),(284,'Abril','espa006',9.6,'PITR940215HTSZHD04'),(285,'Abril','fce006',7.4,'PITR940215HTSZHD04'),(286,'Abril','geo006',8.3,'PITR940215HTSZHD04'),(287,'Abril','his006',9.1,'PITR940215HTSZHD04'),(288,'Abril','infrob006',10,'PITR940215HTSZHD04'),(289,'Abril','ingles006',7.4,'PITR940215HTSZHD04'),(290,'Abril','mate006',8.6,'PITR940215HTSZHD04'),(291,'Mayo','art006',7.2,'PITR940215HTSZHD04'),(292,'Mayo','cinatu006',8.1,'PITR940215HTSZHD04'),(293,'Mayo','edufisi006',9.3,'PITR940215HTSZHD04'),(294,'Mayo','edusoc006',10,'PITR940215HTSZHD04'),(295,'Mayo','espa006',7.5,'PITR940215HTSZHD04'),(296,'Mayo','fce006',7.6,'PITR940215HTSZHD04'),(297,'Mayo','geo006',8.4,'PITR940215HTSZHD04'),(298,'Mayo','his006',9.2,'PITR940215HTSZHD04'),(299,'Mayo','infrob006',7.2,'PITR940215HTSZHD04'),(300,'Mayo','ingles006',10,'PITR940215HTSZHD04'),(301,'Mayo','mate006',7.7,'PITR940215HTSZHD04'),(313,'Diagnostico','art003',7.1,'MAGS110519HGRRNNA3'),(314,'Diagnostico','cinatu003',8.2,'MAGS110519HGRRNNA3'),(315,'Diagnostico','edusoc003',7.2,'MAGS110519HGRRNNA3'),(316,'Diagnostico','entvivo003',6.6,'MAGS110519HGRRNNA3'),(317,'Diagnostico','espa003',7.7,'MAGS110519HGRRNNA3'),(318,'Diagnostico','fce003',8.2,'MAGS110519HGRRNNA3'),(319,'Diagnostico','infrob003',9.3,'MAGS110519HGRRNNA3'),(320,'Diagnostico','ingles003',9.4,'MAGS110519HGRRNNA3'),(321,'Diagnostico','mate003',7.3,'MAGS110519HGRRNNA3'),(322,'Septiembre','art003',5,'MAGS110519HGRRNNA3'),(323,'Septiembre','cinatu003',6.2,'MAGS110519HGRRNNA3'),(324,'Septiembre','edusoc003',7.1,'MAGS110519HGRRNNA3'),(325,'Septiembre','entvivo003',8.2,'MAGS110519HGRRNNA3'),(326,'Septiembre','espa003',9.5,'MAGS110519HGRRNNA3'),(327,'Septiembre','fce003',9.4,'MAGS110519HGRRNNA3'),(328,'Septiembre','infrob003',10,'MAGS110519HGRRNNA3'),(329,'Septiembre','ingles003',6.2,'MAGS110519HGRRNNA3'),(330,'Septiembre','mate003',8.2,'MAGS110519HGRRNNA3'),(331,'Octubre','art003',6.2,'MAGS110519HGRRNNA3'),(332,'Octubre','cinatu003',7.2,'MAGS110519HGRRNNA3'),(333,'Octubre','edusoc003',8.4,'MAGS110519HGRRNNA3'),(334,'Octubre','entvivo003',9.4,'MAGS110519HGRRNNA3'),(335,'Octubre','espa003',6.6,'MAGS110519HGRRNNA3'),(336,'Octubre','fce003',7.2,'MAGS110519HGRRNNA3'),(337,'Octubre','infrob003',8.1,'MAGS110519HGRRNNA3'),(338,'Octubre','ingles003',9.4,'MAGS110519HGRRNNA3'),(339,'Octubre','mate003',5,'MAGS110519HGRRNNA3'),(340,'Nov/Dic','art003',7.3,'MAGS110519HGRRNNA3'),(341,'Nov/Dic','cinatu003',8.3,'MAGS110519HGRRNNA3'),(342,'Nov/Dic','edusoc003',9.2,'MAGS110519HGRRNNA3'),(343,'Nov/Dic','entvivo003',8.3,'MAGS110519HGRRNNA3'),(344,'Nov/Dic','espa003',6.6,'MAGS110519HGRRNNA3'),(345,'Nov/Dic','fce003',9.5,'MAGS110519HGRRNNA3'),(346,'Nov/Dic','infrob003',8.6,'MAGS110519HGRRNNA3'),(347,'Nov/Dic','ingles003',5,'MAGS110519HGRRNNA3'),(348,'Nov/Dic','mate003',6.6,'MAGS110519HGRRNNA3'),(349,'Enero','art003',6.2,'MAGS110519HGRRNNA3'),(350,'Enero','cinatu003',7.3,'MAGS110519HGRRNNA3'),(351,'Enero','edusoc003',8.6,'MAGS110519HGRRNNA3'),(352,'Enero','entvivo003',9.7,'MAGS110519HGRRNNA3'),(353,'Enero','espa003',5,'MAGS110519HGRRNNA3'),(354,'Enero','fce003',8.4,'MAGS110519HGRRNNA3'),(355,'Enero','infrob003',9.4,'MAGS110519HGRRNNA3'),(356,'Enero','ingles003',9.5,'MAGS110519HGRRNNA3'),(357,'Enero','mate003',10,'MAGS110519HGRRNNA3'),(358,'Septiembre','art002',9.3,'AIRC110529MGRTSMA5'),(359,'Septiembre','conome002',8.1,'AIRC110529MGRTSMA5'),(360,'Septiembre','edufisi002',7.1,'AIRC110529MGRTSMA5'),(361,'Septiembre','edusoc002',6.3,'AIRC110529MGRTSMA5'),(362,'Septiembre','infrob002',5,'AIRC110529MGRTSMA5'),(363,'Septiembre','ingles002',7.4,'AIRC110529MGRTSMA5'),(364,'Septiembre','lenma002',8.3,'AIRC110529MGRTSMA5'),(365,'Septiembre','mate002',9.4,'AIRC110529MGRTSMA5'),(366,'Enero','art001',7.1,'4543BHJGBHJBCKD554'),(367,'Enero','conome001',8.1,'4543BHJGBHJBCKD554'),(368,'Enero','edufisi001',9.1,'4543BHJGBHJBCKD554'),(369,'Enero','edusoc001',6.3,'4543BHJGBHJBCKD554'),(370,'Enero','infrob001',8.6,'4543BHJGBHJBCKD554'),(371,'Enero','ingles001',9.2,'4543BHJGBHJBCKD554'),(372,'Enero','lenma001',6.4,'4543BHJGBHJBCKD554'),(373,'Enero','mate001',7.2,'4543BHJGBHJBCKD554'),(374,'Febrero','art001',7.3,'4543BHJGBHJBCKD554'),(375,'Febrero','conome001',8.1,'4543BHJGBHJBCKD554'),(376,'Febrero','edufisi001',9.1,'4543BHJGBHJBCKD554'),(377,'Febrero','edusoc001',6.3,'4543BHJGBHJBCKD554'),(378,'Febrero','infrob001',5,'4543BHJGBHJBCKD554'),(379,'Febrero','ingles001',6.5,'4543BHJGBHJBCKD554'),(380,'Febrero','lenma001',7.6,'4543BHJGBHJBCKD554'),(381,'Febrero','mate001',8.5,'4543BHJGBHJBCKD554'),(382,'Marzo','art001',6.1,'4543BHJGBHJBCKD554'),(383,'Marzo','conome001',7.1,'4543BHJGBHJBCKD554'),(384,'Marzo','edufisi001',8.3,'4543BHJGBHJBCKD554'),(385,'Marzo','edusoc001',9.4,'4543BHJGBHJBCKD554'),(386,'Marzo','infrob001',6.7,'4543BHJGBHJBCKD554'),(387,'Marzo','ingles001',8.1,'4543BHJGBHJBCKD554'),(388,'Marzo','lenma001',9.1,'4543BHJGBHJBCKD554'),(389,'Marzo','mate001',10,'4543BHJGBHJBCKD554'),(390,'Abril','art001',6.1,'4543BHJGBHJBCKD554'),(391,'Abril','conome001',8.4,'4543BHJGBHJBCKD554'),(392,'Abril','edufisi001',8.2,'4543BHJGBHJBCKD554'),(393,'Abril','edusoc001',6.5,'4543BHJGBHJBCKD554'),(394,'Abril','infrob001',9.6,'4543BHJGBHJBCKD554'),(395,'Abril','ingles001',6.4,'4543BHJGBHJBCKD554'),(396,'Abril','lenma001',7.5,'4543BHJGBHJBCKD554'),(397,'Abril','mate001',9.5,'4543BHJGBHJBCKD554'),(398,'Mayo','art001',6.1,'4543BHJGBHJBCKD554'),(399,'Mayo','conome001',7.4,'4543BHJGBHJBCKD554'),(400,'Mayo','edufisi001',8.4,'4543BHJGBHJBCKD554'),(401,'Mayo','edusoc001',9.7,'4543BHJGBHJBCKD554'),(402,'Mayo','infrob001',8.8,'4543BHJGBHJBCKD554'),(403,'Mayo','ingles001',8.2,'4543BHJGBHJBCKD554'),(404,'Mayo','lenma001',6.3,'4543BHJGBHJBCKD554'),(405,'Mayo','mate001',8.4,'4543BHJGBHJBCKD554'),(425,'Diagnostico','art004',5,'MOCG110603HGRNRLA1'),(426,'Diagnostico','cinatu004',6.2,'MOCG110603HGRNRLA1'),(427,'Diagnostico','edufisi004',7.5,'MOCG110603HGRNRLA1'),(428,'Diagnostico','edusoc004',8.4,'MOCG110603HGRNRLA1'),(429,'Diagnostico','espa004',6.4,'MOCG110603HGRNRLA1'),(430,'Diagnostico','fce004',7.4,'MOCG110603HGRNRLA1'),(431,'Diagnostico','geo004',8.2,'MOCG110603HGRNRLA1'),(432,'Diagnostico','his004',9.1,'MOCG110603HGRNRLA1'),(433,'Diagnostico','infrob004',9.3,'MOCG110603HGRNRLA1'),(434,'Diagnostico','ingles004',9.6,'MOCG110603HGRNRLA1'),(435,'Diagnostico','mate004',10,'MOCG110603HGRNRLA1'),(436,'Diagnostico','art004',6.4,'MOTL110206MGRRRZA5'),(437,'Diagnostico','cinatu004',7.3,'MOTL110206MGRRRZA5'),(438,'Diagnostico','edufisi004',8.3,'MOTL110206MGRRRZA5'),(439,'Diagnostico','edusoc004',8.2,'MOTL110206MGRRRZA5'),(440,'Diagnostico','espa004',9.5,'MOTL110206MGRRRZA5'),(441,'Diagnostico','fce004',6.4,'MOTL110206MGRRRZA5'),(442,'Diagnostico','geo004',8.2,'MOTL110206MGRRRZA5'),(443,'Diagnostico','his004',8.2,'MOTL110206MGRRRZA5'),(444,'Diagnostico','infrob004',8.2,'MOTL110206MGRRRZA5'),(445,'Diagnostico','ingles004',9.5,'MOTL110206MGRRRZA5'),(446,'Diagnostico','mate004',9.8,'MOTL110206MGRRRZA5'),(447,'Febrero','art003',5,'MAGS110519HGRRNNA3'),(448,'Febrero','cinatu003',6,'MAGS110519HGRRNNA3'),(449,'Febrero','edusoc003',7.1,'MAGS110519HGRRNNA3'),(450,'Febrero','entvivo003',8.3,'MAGS110519HGRRNNA3'),(451,'Febrero','espa003',9.5,'MAGS110519HGRRNNA3'),(452,'Febrero','fce003',8.1,'MAGS110519HGRRNNA3'),(453,'Febrero','infrob003',9.1,'MAGS110519HGRRNNA3'),(454,'Febrero','ingles003',7.2,'MAGS110519HGRRNNA3'),(455,'Febrero','mate003',5,'MAGS110519HGRRNNA3'),(456,'Marzo','art003',6.2,'MAGS110519HGRRNNA3'),(457,'Marzo','cinatu003',7.1,'MAGS110519HGRRNNA3'),(458,'Marzo','edusoc003',7.2,'MAGS110519HGRRNNA3'),(459,'Marzo','entvivo003',8.2,'MAGS110519HGRRNNA3'),(460,'Marzo','espa003',9.7,'MAGS110519HGRRNNA3'),(461,'Marzo','fce003',6.2,'MAGS110519HGRRNNA3'),(462,'Marzo','infrob003',7.2,'MAGS110519HGRRNNA3'),(463,'Marzo','ingles003',8.2,'MAGS110519HGRRNNA3'),(464,'Marzo','mate003',9.3,'MAGS110519HGRRNNA3'),(465,'Abril','art003',6.3,'MAGS110519HGRRNNA3'),(466,'Abril','cinatu003',6.1,'MAGS110519HGRRNNA3'),(467,'Abril','edusoc003',7.2,'MAGS110519HGRRNNA3'),(468,'Abril','entvivo003',8.2,'MAGS110519HGRRNNA3'),(469,'Abril','espa003',8.4,'MAGS110519HGRRNNA3'),(470,'Abril','fce003',9.2,'MAGS110519HGRRNNA3'),(471,'Abril','infrob003',9.1,'MAGS110519HGRRNNA3'),(472,'Abril','ingles003',6.2,'MAGS110519HGRRNNA3'),(473,'Abril','mate003',10,'MAGS110519HGRRNNA3'),(474,'Mayo','art003',10,'MAGS110519HGRRNNA3'),(475,'Mayo','cinatu003',10,'MAGS110519HGRRNNA3'),(476,'Mayo','edusoc003',10,'MAGS110519HGRRNNA3'),(477,'Mayo','entvivo003',10,'MAGS110519HGRRNNA3'),(478,'Mayo','espa003',10,'MAGS110519HGRRNNA3'),(479,'Mayo','fce003',10,'MAGS110519HGRRNNA3'),(480,'Mayo','infrob003',10,'MAGS110519HGRRNNA3'),(481,'Mayo','ingles003',10,'MAGS110519HGRRNNA3'),(482,'Mayo','mate003',10,'MAGS110519HGRRNNA3'),(492,'Diagnostico','art005',7.1,'PAAK111103MGRLRRA8'),(493,'Diagnostico','cinatu005',7.2,'PAAK111103MGRLRRA8'),(494,'Diagnostico','edufisi005',10,'PAAK111103MGRLRRA8'),(495,'Diagnostico','edusoc005',10,'PAAK111103MGRLRRA8'),(496,'Diagnostico','espa005',10,'PAAK111103MGRLRRA8'),(497,'Diagnostico','fce005',10,'PAAK111103MGRLRRA8'),(498,'Diagnostico','geo005',10,'PAAK111103MGRLRRA8'),(499,'Diagnostico','his005',10,'PAAK111103MGRLRRA8'),(500,'Diagnostico','infrob005',10,'PAAK111103MGRLRRA8'),(501,'Diagnostico','ingles005',10,'PAAK111103MGRLRRA8'),(502,'Diagnostico','mate005',10,'PAAK111103MGRLRRA8'),(503,'Diagnostico','art001',5,'JJJJJDHS63792NDMSF'),(504,'Diagnostico','conome001',10,'JJJJJDHS63792NDMSF'),(505,'Diagnostico','edufisi001',10,'JJJJJDHS63792NDMSF'),(506,'Diagnostico','edusoc001',10,'JJJJJDHS63792NDMSF'),(507,'Diagnostico','infrob001',10,'JJJJJDHS63792NDMSF'),(508,'Diagnostico','ingles001',10,'JJJJJDHS63792NDMSF'),(509,'Diagnostico','lenma001',10,'JJJJJDHS63792NDMSF'),(510,'Diagnostico','mate001',10,'JJJJJDHS63792NDMSF'),(511,'Septiembre','art001',10,'JJJJJDHS63792NDMSF'),(512,'Septiembre','conome001',10,'JJJJJDHS63792NDMSF'),(513,'Septiembre','edufisi001',10,'JJJJJDHS63792NDMSF'),(514,'Septiembre','edusoc001',10,'JJJJJDHS63792NDMSF'),(515,'Septiembre','infrob001',10,'JJJJJDHS63792NDMSF'),(516,'Septiembre','ingles001',10,'JJJJJDHS63792NDMSF'),(517,'Septiembre','lenma001',10,'JJJJJDHS63792NDMSF'),(518,'Septiembre','mate001',10,'JJJJJDHS63792NDMSF'),(519,'Octubre','art001',10,'JJJJJDHS63792NDMSF'),(520,'Octubre','conome001',10,'JJJJJDHS63792NDMSF'),(521,'Octubre','edufisi001',10,'JJJJJDHS63792NDMSF'),(522,'Octubre','edusoc001',10,'JJJJJDHS63792NDMSF'),(523,'Octubre','infrob001',10,'JJJJJDHS63792NDMSF'),(524,'Octubre','ingles001',10,'JJJJJDHS63792NDMSF'),(525,'Octubre','lenma001',10,'JJJJJDHS63792NDMSF'),(526,'Octubre','mate001',10,'JJJJJDHS63792NDMSF'),(527,'Nov/Dic','art001',10,'JJJJJDHS63792NDMSF'),(528,'Nov/Dic','conome001',10,'JJJJJDHS63792NDMSF'),(529,'Nov/Dic','edufisi001',10,'JJJJJDHS63792NDMSF'),(530,'Nov/Dic','edusoc001',10,'JJJJJDHS63792NDMSF'),(531,'Nov/Dic','infrob001',10,'JJJJJDHS63792NDMSF'),(532,'Nov/Dic','ingles001',10,'JJJJJDHS63792NDMSF'),(533,'Nov/Dic','lenma001',10,'JJJJJDHS63792NDMSF'),(534,'Nov/Dic','mate001',10,'JJJJJDHS63792NDMSF'),(535,'Enero','art001',9,'JJJJJDHS63792NDMSF'),(536,'Enero','conome001',9,'JJJJJDHS63792NDMSF'),(537,'Enero','edufisi001',9,'JJJJJDHS63792NDMSF'),(538,'Enero','edusoc001',9,'JJJJJDHS63792NDMSF'),(539,'Enero','infrob001',9,'JJJJJDHS63792NDMSF'),(540,'Enero','ingles001',9,'JJJJJDHS63792NDMSF'),(541,'Enero','lenma001',9,'JJJJJDHS63792NDMSF'),(542,'Enero','mate001',9,'JJJJJDHS63792NDMSF'),(543,'Febrero','art001',8,'JJJJJDHS63792NDMSF'),(544,'Febrero','conome001',8,'JJJJJDHS63792NDMSF'),(545,'Febrero','edufisi001',8,'JJJJJDHS63792NDMSF'),(546,'Febrero','edusoc001',8,'JJJJJDHS63792NDMSF'),(547,'Febrero','infrob001',8,'JJJJJDHS63792NDMSF'),(548,'Febrero','ingles001',8,'JJJJJDHS63792NDMSF'),(549,'Febrero','lenma001',8,'JJJJJDHS63792NDMSF'),(550,'Febrero','mate001',8,'JJJJJDHS63792NDMSF'),(551,'Marzo','art001',6,'JJJJJDHS63792NDMSF'),(552,'Marzo','conome001',6,'JJJJJDHS63792NDMSF'),(553,'Marzo','edufisi001',6,'JJJJJDHS63792NDMSF'),(554,'Marzo','edusoc001',6,'JJJJJDHS63792NDMSF'),(555,'Marzo','infrob001',6,'JJJJJDHS63792NDMSF'),(556,'Marzo','ingles001',6,'JJJJJDHS63792NDMSF'),(557,'Marzo','lenma001',6,'JJJJJDHS63792NDMSF'),(558,'Marzo','mate001',6,'JJJJJDHS63792NDMSF'),(559,'Abril','art001',7,'JJJJJDHS63792NDMSF'),(560,'Abril','conome001',7,'JJJJJDHS63792NDMSF'),(561,'Abril','edufisi001',7,'JJJJJDHS63792NDMSF'),(562,'Abril','edusoc001',7,'JJJJJDHS63792NDMSF'),(563,'Abril','infrob001',7,'JJJJJDHS63792NDMSF'),(564,'Abril','ingles001',7.1,'JJJJJDHS63792NDMSF'),(565,'Abril','lenma001',7,'JJJJJDHS63792NDMSF'),(566,'Abril','mate001',7,'JJJJJDHS63792NDMSF'),(567,'Mayo','art001',9,'JJJJJDHS63792NDMSF'),(568,'Mayo','conome001',9,'JJJJJDHS63792NDMSF'),(569,'Mayo','edufisi001',9,'JJJJJDHS63792NDMSF'),(570,'Mayo','edusoc001',9,'JJJJJDHS63792NDMSF'),(571,'Mayo','infrob001',9,'JJJJJDHS63792NDMSF'),(572,'Mayo','ingles001',9,'JJJJJDHS63792NDMSF'),(573,'Mayo','lenma001',9,'JJJJJDHS63792NDMSF'),(574,'Mayo','mate001',9,'JJJJJDHS63792NDMSF'),(583,'Diagnostico','art006',10,'ZABA110620HGRRSRA7'),(584,'Diagnostico','cinatu006',10,'ZABA110620HGRRSRA7'),(585,'Diagnostico','edufisi006',10,'ZABA110620HGRRSRA7'),(586,'Diagnostico','edusoc006',10,'ZABA110620HGRRSRA7'),(587,'Diagnostico','espa006',10,'ZABA110620HGRRSRA7'),(588,'Diagnostico','fce006',10,'ZABA110620HGRRSRA7'),(589,'Diagnostico','geo006',10,'ZABA110620HGRRSRA7'),(590,'Diagnostico','his006',10,'ZABA110620HGRRSRA7'),(591,'Diagnostico','infrob006',10,'ZABA110620HGRRSRA7'),(592,'Diagnostico','ingles006',10,'ZABA110620HGRRSRA7'),(593,'Diagnostico','mate006',10,'ZABA110620HGRRSRA7'),(594,'Septiembre','art006',10,'ZABA110620HGRRSRA7'),(595,'Septiembre','cinatu006',10,'ZABA110620HGRRSRA7'),(596,'Septiembre','edufisi006',10,'ZABA110620HGRRSRA7'),(597,'Septiembre','edusoc006',10,'ZABA110620HGRRSRA7'),(598,'Septiembre','espa006',10,'ZABA110620HGRRSRA7'),(599,'Septiembre','fce006',10,'ZABA110620HGRRSRA7'),(600,'Septiembre','geo006',10,'ZABA110620HGRRSRA7'),(601,'Septiembre','his006',10,'ZABA110620HGRRSRA7'),(602,'Septiembre','infrob006',10,'ZABA110620HGRRSRA7'),(603,'Septiembre','ingles006',10,'ZABA110620HGRRSRA7'),(604,'Septiembre','mate006',10,'ZABA110620HGRRSRA7'),(605,'Octubre','art006',10,'ZABA110620HGRRSRA7'),(606,'Octubre','cinatu006',10,'ZABA110620HGRRSRA7'),(607,'Octubre','edufisi006',10,'ZABA110620HGRRSRA7'),(608,'Octubre','edusoc006',10,'ZABA110620HGRRSRA7'),(609,'Octubre','espa006',10,'ZABA110620HGRRSRA7'),(610,'Octubre','fce006',10,'ZABA110620HGRRSRA7'),(611,'Octubre','geo006',10,'ZABA110620HGRRSRA7'),(612,'Octubre','his006',10,'ZABA110620HGRRSRA7'),(613,'Octubre','infrob006',10,'ZABA110620HGRRSRA7'),(614,'Octubre','ingles006',10,'ZABA110620HGRRSRA7'),(615,'Octubre','mate006',10,'ZABA110620HGRRSRA7'),(616,'Nov/Dic','art006',10,'ZABA110620HGRRSRA7'),(617,'Nov/Dic','cinatu006',10,'ZABA110620HGRRSRA7'),(618,'Nov/Dic','edufisi006',10,'ZABA110620HGRRSRA7'),(619,'Nov/Dic','edusoc006',10,'ZABA110620HGRRSRA7'),(620,'Nov/Dic','espa006',10,'ZABA110620HGRRSRA7'),(621,'Nov/Dic','fce006',10,'ZABA110620HGRRSRA7'),(622,'Nov/Dic','geo006',10,'ZABA110620HGRRSRA7'),(623,'Nov/Dic','his006',10,'ZABA110620HGRRSRA7'),(624,'Nov/Dic','infrob006',10,'ZABA110620HGRRSRA7'),(625,'Nov/Dic','ingles006',10,'ZABA110620HGRRSRA7'),(626,'Nov/Dic','mate006',10,'ZABA110620HGRRSRA7'),(627,'Diagnostico','art001',10,'WW40V199580F8RLR00'),(628,'Diagnostico','conome001',10,'WW40V199580F8RLR00'),(629,'Diagnostico','edufisi001',10,'WW40V199580F8RLR00'),(630,'Diagnostico','edusoc001',10,'WW40V199580F8RLR00'),(631,'Diagnostico','infrob001',10,'WW40V199580F8RLR00'),(632,'Diagnostico','ingles001',10,'WW40V199580F8RLR00'),(633,'Diagnostico','lenma001',10,'WW40V199580F8RLR00'),(634,'Diagnostico','mate001',10,'WW40V199580F8RLR00'),(635,'Septiembre','art004',10,'MOCG110603HGRNRLA1'),(636,'Septiembre','cinatu004',10,'MOCG110603HGRNRLA1'),(637,'Septiembre','edufisi004',10,'MOCG110603HGRNRLA1'),(638,'Septiembre','edusoc004',10,'MOCG110603HGRNRLA1'),(639,'Septiembre','espa004',10,'MOCG110603HGRNRLA1'),(640,'Septiembre','fce004',10,'MOCG110603HGRNRLA1'),(641,'Septiembre','geo004',10,'MOCG110603HGRNRLA1'),(642,'Septiembre','his004',10,'MOCG110603HGRNRLA1'),(643,'Septiembre','infrob004',10,'MOCG110603HGRNRLA1'),(644,'Septiembre','ingles004',10,'MOCG110603HGRNRLA1'),(645,'Septiembre','mate004',10,'MOCG110603HGRNRLA1'),(646,'Octubre','art004',10,'MOCG110603HGRNRLA1'),(647,'Octubre','cinatu004',10,'MOCG110603HGRNRLA1'),(648,'Octubre','edufisi004',10,'MOCG110603HGRNRLA1'),(649,'Octubre','edusoc004',10,'MOCG110603HGRNRLA1'),(650,'Octubre','espa004',10,'MOCG110603HGRNRLA1'),(651,'Octubre','fce004',10,'MOCG110603HGRNRLA1'),(652,'Octubre','geo004',10,'MOCG110603HGRNRLA1'),(653,'Octubre','his004',10,'MOCG110603HGRNRLA1'),(654,'Octubre','infrob004',10,'MOCG110603HGRNRLA1'),(655,'Octubre','ingles004',10,'MOCG110603HGRNRLA1'),(656,'Octubre','mate004',10,'MOCG110603HGRNRLA1'),(657,'Enero','art001',10,'CAAM990621HGRRBR02'),(658,'Enero','conome001',10,'CAAM990621HGRRBR02'),(659,'Enero','edufisi001',10,'CAAM990621HGRRBR02'),(660,'Enero','edusoc001',10,'CAAM990621HGRRBR02'),(661,'Enero','infrob001',10,'CAAM990621HGRRBR02'),(662,'Enero','ingles001',10,'CAAM990621HGRRBR02'),(663,'Enero','lenma001',10,'CAAM990621HGRRBR02'),(664,'Enero','mate001',10,'CAAM990621HGRRBR02'),(665,'Febrero','art001',10,'CAAM990621HGRRBR02'),(666,'Febrero','conome001',10,'CAAM990621HGRRBR02'),(667,'Febrero','edufisi001',10,'CAAM990621HGRRBR02'),(668,'Febrero','edusoc001',10,'CAAM990621HGRRBR02'),(669,'Febrero','infrob001',10,'CAAM990621HGRRBR02'),(670,'Febrero','ingles001',10,'CAAM990621HGRRBR02'),(671,'Febrero','lenma001',10,'CAAM990621HGRRBR02'),(672,'Febrero','mate001',10,'CAAM990621HGRRBR02'),(673,'Marzo','art001',10,'CAAM990621HGRRBR02'),(674,'Marzo','conome001',10,'CAAM990621HGRRBR02'),(675,'Marzo','edufisi001',10,'CAAM990621HGRRBR02'),(676,'Marzo','edusoc001',10,'CAAM990621HGRRBR02'),(677,'Marzo','infrob001',10,'CAAM990621HGRRBR02'),(678,'Marzo','ingles001',10,'CAAM990621HGRRBR02'),(679,'Marzo','lenma001',10,'CAAM990621HGRRBR02'),(680,'Marzo','mate001',10,'CAAM990621HGRRBR02'),(681,'Abril','art001',10,'CAAM990621HGRRBR02'),(682,'Abril','conome001',10,'CAAM990621HGRRBR02'),(683,'Abril','edufisi001',10,'CAAM990621HGRRBR02'),(684,'Abril','edusoc001',10,'CAAM990621HGRRBR02'),(685,'Abril','infrob001',10,'CAAM990621HGRRBR02'),(686,'Abril','ingles001',10,'CAAM990621HGRRBR02'),(687,'Abril','lenma001',10,'CAAM990621HGRRBR02'),(688,'Abril','mate001',10,'CAAM990621HGRRBR02'),(689,'Mayo','art001',10,'CAAM990621HGRRBR02'),(690,'Mayo','conome001',10,'CAAM990621HGRRBR02'),(691,'Mayo','edufisi001',10,'CAAM990621HGRRBR02'),(692,'Mayo','edusoc001',10,'CAAM990621HGRRBR02'),(693,'Mayo','infrob001',10,'CAAM990621HGRRBR02'),(694,'Mayo','ingles001',10,'CAAM990621HGRRBR02'),(695,'Mayo','lenma001',10,'CAAM990621HGRRBR02'),(696,'Mayo','mate001',10,'CAAM990621HGRRBR02'),(705,'Enero','art006',10,'ZABA110620HGRRSRA7'),(706,'Enero','cinatu006',10,'ZABA110620HGRRSRA7'),(707,'Enero','edufisi006',10,'ZABA110620HGRRSRA7'),(708,'Enero','edusoc006',10,'ZABA110620HGRRSRA7'),(709,'Enero','espa006',10,'ZABA110620HGRRSRA7'),(710,'Enero','fce006',10,'ZABA110620HGRRSRA7'),(711,'Enero','geo006',10,'ZABA110620HGRRSRA7'),(712,'Enero','his006',10,'ZABA110620HGRRSRA7'),(713,'Enero','infrob006',10,'ZABA110620HGRRSRA7'),(714,'Enero','ingles006',10,'ZABA110620HGRRSRA7'),(715,'Enero','mate006',10,'ZABA110620HGRRSRA7'),(716,'Diagnostico','art005',10,'RAGS111122HGRMRLA6'),(717,'Diagnostico','cinatu005',10,'RAGS111122HGRMRLA6'),(718,'Diagnostico','edufisi005',10,'RAGS111122HGRMRLA6'),(719,'Diagnostico','edusoc005',10,'RAGS111122HGRMRLA6'),(720,'Diagnostico','espa005',10,'RAGS111122HGRMRLA6'),(721,'Diagnostico','fce005',10,'RAGS111122HGRMRLA6'),(722,'Diagnostico','geo005',10,'RAGS111122HGRMRLA6'),(723,'Diagnostico','his005',10,'RAGS111122HGRMRLA6'),(724,'Diagnostico','infrob005',10,'RAGS111122HGRMRLA6'),(725,'Diagnostico','ingles005',10,'RAGS111122HGRMRLA6'),(726,'Diagnostico','mate005',10,'RAGS111122HGRMRLA6'),(727,'Septiembre','art005',10,'RAGS111122HGRMRLA6'),(728,'Septiembre','cinatu005',10,'RAGS111122HGRMRLA6'),(729,'Septiembre','edufisi005',10,'RAGS111122HGRMRLA6'),(730,'Septiembre','edusoc005',10,'RAGS111122HGRMRLA6'),(731,'Septiembre','espa005',10,'RAGS111122HGRMRLA6'),(732,'Septiembre','fce005',10,'RAGS111122HGRMRLA6'),(733,'Septiembre','geo005',10,'RAGS111122HGRMRLA6'),(734,'Septiembre','his005',10,'RAGS111122HGRMRLA6'),(735,'Septiembre','infrob005',10,'RAGS111122HGRMRLA6'),(736,'Septiembre','ingles005',10,'RAGS111122HGRMRLA6'),(737,'Septiembre','mate005',10,'RAGS111122HGRMRLA6'),(738,'Octubre','art005',10,'RAGS111122HGRMRLA6'),(739,'Octubre','cinatu005',10,'RAGS111122HGRMRLA6'),(740,'Octubre','edufisi005',10,'RAGS111122HGRMRLA6'),(741,'Octubre','edusoc005',10,'RAGS111122HGRMRLA6'),(742,'Octubre','espa005',10,'RAGS111122HGRMRLA6'),(743,'Octubre','fce005',10,'RAGS111122HGRMRLA6'),(744,'Octubre','geo005',10,'RAGS111122HGRMRLA6'),(745,'Octubre','his005',10,'RAGS111122HGRMRLA6'),(746,'Octubre','infrob005',10,'RAGS111122HGRMRLA6'),(747,'Octubre','ingles005',10,'RAGS111122HGRMRLA6'),(748,'Octubre','mate005',10,'RAGS111122HGRMRLA6'),(749,'Nov/Dic','art005',10,'RAGS111122HGRMRLA6'),(750,'Nov/Dic','cinatu005',10,'RAGS111122HGRMRLA6'),(751,'Nov/Dic','edufisi005',10,'RAGS111122HGRMRLA6'),(752,'Nov/Dic','edusoc005',10,'RAGS111122HGRMRLA6'),(753,'Nov/Dic','espa005',10,'RAGS111122HGRMRLA6'),(754,'Nov/Dic','fce005',10,'RAGS111122HGRMRLA6'),(755,'Nov/Dic','geo005',10,'RAGS111122HGRMRLA6'),(756,'Nov/Dic','his005',10,'RAGS111122HGRMRLA6'),(757,'Nov/Dic','infrob005',10,'RAGS111122HGRMRLA6'),(758,'Nov/Dic','ingles005',10,'RAGS111122HGRMRLA6'),(759,'Nov/Dic','mate005',10,'RAGS111122HGRMRLA6'),(760,'Enero','art005',10,'RAGS111122HGRMRLA6'),(761,'Enero','cinatu005',10,'RAGS111122HGRMRLA6'),(762,'Enero','edufisi005',10,'RAGS111122HGRMRLA6'),(763,'Enero','edusoc005',10,'RAGS111122HGRMRLA6'),(764,'Enero','espa005',10,'RAGS111122HGRMRLA6'),(765,'Enero','fce005',10,'RAGS111122HGRMRLA6'),(766,'Enero','geo005',10,'RAGS111122HGRMRLA6'),(767,'Enero','his005',5,'RAGS111122HGRMRLA6'),(768,'Enero','infrob005',5,'RAGS111122HGRMRLA6'),(769,'Enero','ingles005',5,'RAGS111122HGRMRLA6'),(770,'Enero','mate005',5,'RAGS111122HGRMRLA6'),(771,'Febrero','art005',8,'RAGS111122HGRMRLA6'),(772,'Febrero','cinatu005',8,'RAGS111122HGRMRLA6'),(773,'Febrero','edufisi005',8,'RAGS111122HGRMRLA6'),(774,'Febrero','edusoc005',8,'RAGS111122HGRMRLA6'),(775,'Febrero','espa005',8,'RAGS111122HGRMRLA6'),(776,'Febrero','fce005',8,'RAGS111122HGRMRLA6'),(777,'Febrero','geo005',8,'RAGS111122HGRMRLA6'),(778,'Febrero','his005',8,'RAGS111122HGRMRLA6'),(779,'Febrero','infrob005',8,'RAGS111122HGRMRLA6'),(780,'Febrero','ingles005',8,'RAGS111122HGRMRLA6'),(781,'Febrero','mate005',8,'RAGS111122HGRMRLA6'),(782,'Marzo','art005',9,'RAGS111122HGRMRLA6'),(783,'Marzo','cinatu005',9,'RAGS111122HGRMRLA6'),(784,'Marzo','edufisi005',9,'RAGS111122HGRMRLA6'),(785,'Marzo','edusoc005',9,'RAGS111122HGRMRLA6'),(786,'Marzo','espa005',9,'RAGS111122HGRMRLA6'),(787,'Marzo','fce005',9,'RAGS111122HGRMRLA6'),(788,'Marzo','geo005',9,'RAGS111122HGRMRLA6'),(789,'Marzo','his005',9,'RAGS111122HGRMRLA6'),(790,'Marzo','infrob005',9,'RAGS111122HGRMRLA6'),(791,'Marzo','ingles005',9,'RAGS111122HGRMRLA6'),(792,'Marzo','mate005',9,'RAGS111122HGRMRLA6'),(793,'Abril','art005',7,'RAGS111122HGRMRLA6'),(794,'Abril','cinatu005',7,'RAGS111122HGRMRLA6'),(795,'Abril','edufisi005',7,'RAGS111122HGRMRLA6'),(796,'Abril','edusoc005',7,'RAGS111122HGRMRLA6'),(797,'Abril','espa005',7,'RAGS111122HGRMRLA6'),(798,'Abril','fce005',7,'RAGS111122HGRMRLA6'),(799,'Abril','geo005',7,'RAGS111122HGRMRLA6'),(800,'Abril','his005',7,'RAGS111122HGRMRLA6'),(801,'Abril','infrob005',7,'RAGS111122HGRMRLA6'),(802,'Abril','ingles005',7,'RAGS111122HGRMRLA6'),(803,'Abril','mate005',7,'RAGS111122HGRMRLA6'),(804,'Mayo','art005',7,'RAGS111122HGRMRLA6'),(805,'Mayo','cinatu005',7,'RAGS111122HGRMRLA6'),(806,'Mayo','edufisi005',7,'RAGS111122HGRMRLA6'),(807,'Mayo','edusoc005',7.1,'RAGS111122HGRMRLA6'),(808,'Mayo','espa005',7.1,'RAGS111122HGRMRLA6'),(809,'Mayo','fce005',9,'RAGS111122HGRMRLA6'),(810,'Mayo','geo005',9,'RAGS111122HGRMRLA6'),(811,'Mayo','his005',9,'RAGS111122HGRMRLA6'),(812,'Mayo','infrob005',9,'RAGS111122HGRMRLA6'),(813,'Mayo','ingles005',9,'RAGS111122HGRMRLA6'),(814,'Mayo','mate005',9,'RAGS111122HGRMRLA6'),(826,'Nov/Dic','art004',10,'MOCG110603HGRNRLA1'),(827,'Nov/Dic','cinatu004',10,'MOCG110603HGRNRLA1'),(828,'Nov/Dic','edufisi004',10,'MOCG110603HGRNRLA1'),(829,'Nov/Dic','edusoc004',10,'MOCG110603HGRNRLA1'),(830,'Nov/Dic','espa004',10,'MOCG110603HGRNRLA1'),(831,'Nov/Dic','fce004',10,'MOCG110603HGRNRLA1'),(832,'Nov/Dic','geo004',10,'MOCG110603HGRNRLA1'),(833,'Nov/Dic','his004',10,'MOCG110603HGRNRLA1'),(834,'Nov/Dic','infrob004',10,'MOCG110603HGRNRLA1'),(835,'Nov/Dic','ingles004',10,'MOCG110603HGRNRLA1'),(836,'Nov/Dic','mate004',10,'MOCG110603HGRNRLA1'),(837,'Diagnostico','art001',10,'AFBV199780M8RLR12'),(838,'Diagnostico','conome001',10,'AFBV199780M8RLR12'),(839,'Diagnostico','edufisi001',10,'AFBV199780M8RLR12'),(840,'Diagnostico','edusoc001',10,'AFBV199780M8RLR12'),(841,'Diagnostico','infrob001',10,'AFBV199780M8RLR12'),(842,'Diagnostico','ingles001',10,'AFBV199780M8RLR12'),(843,'Diagnostico','lenma001',10,'AFBV199780M8RLR12'),(844,'Diagnostico','mate001',10,'AFBV199780M8RLR12'),(845,'Febrero','art006',10,'ZABA110620HGRRSRA7'),(846,'Febrero','cinatu006',10,'ZABA110620HGRRSRA7'),(847,'Febrero','edufisi006',10,'ZABA110620HGRRSRA7'),(848,'Febrero','edusoc006',10,'ZABA110620HGRRSRA7'),(849,'Febrero','espa006',10,'ZABA110620HGRRSRA7'),(850,'Febrero','fce006',10,'ZABA110620HGRRSRA7'),(851,'Febrero','geo006',10,'ZABA110620HGRRSRA7'),(852,'Febrero','his006',10,'ZABA110620HGRRSRA7'),(853,'Febrero','infrob006',10,'ZABA110620HGRRSRA7'),(854,'Febrero','ingles006',10,'ZABA110620HGRRSRA7'),(855,'Febrero','mate006',10,'ZABA110620HGRRSRA7'),(856,'Marzo','art006',8.1,'ZABA110620HGRRSRA7'),(857,'Marzo','cinatu006',8.1,'ZABA110620HGRRSRA7'),(858,'Marzo','edufisi006',8,'ZABA110620HGRRSRA7'),(859,'Marzo','edusoc006',8,'ZABA110620HGRRSRA7'),(860,'Marzo','espa006',8.2,'ZABA110620HGRRSRA7'),(861,'Marzo','fce006',8,'ZABA110620HGRRSRA7'),(862,'Marzo','geo006',8.1,'ZABA110620HGRRSRA7'),(863,'Marzo','his006',8,'ZABA110620HGRRSRA7'),(864,'Marzo','infrob006',8,'ZABA110620HGRRSRA7'),(865,'Marzo','ingles006',8.2,'ZABA110620HGRRSRA7'),(866,'Marzo','mate006',8.6,'ZABA110620HGRRSRA7'),(867,'Abril','art006',10,'ZABA110620HGRRSRA7'),(868,'Abril','cinatu006',10,'ZABA110620HGRRSRA7'),(869,'Abril','edufisi006',10,'ZABA110620HGRRSRA7'),(870,'Abril','edusoc006',10,'ZABA110620HGRRSRA7'),(871,'Abril','espa006',10,'ZABA110620HGRRSRA7'),(872,'Abril','fce006',6.1,'ZABA110620HGRRSRA7'),(873,'Abril','geo006',6,'ZABA110620HGRRSRA7'),(874,'Abril','his006',6,'ZABA110620HGRRSRA7'),(875,'Abril','infrob006',6,'ZABA110620HGRRSRA7'),(876,'Abril','ingles006',6.2,'ZABA110620HGRRSRA7'),(877,'Abril','mate006',6.6,'ZABA110620HGRRSRA7'),(878,'Mayo','art006',6.1,'ZABA110620HGRRSRA7'),(879,'Mayo','cinatu006',6.1,'ZABA110620HGRRSRA7'),(880,'Mayo','edufisi006',6.1,'ZABA110620HGRRSRA7'),(881,'Mayo','edusoc006',6.1,'ZABA110620HGRRSRA7'),(882,'Mayo','espa006',7.4,'ZABA110620HGRRSRA7'),(883,'Mayo','fce006',7.1,'ZABA110620HGRRSRA7'),(884,'Mayo','geo006',7.1,'ZABA110620HGRRSRA7'),(885,'Mayo','his006',8.1,'ZABA110620HGRRSRA7'),(886,'Mayo','infrob006',8.4,'ZABA110620HGRRSRA7'),(887,'Mayo','ingles006',8.6,'ZABA110620HGRRSRA7'),(888,'Mayo','mate006',8.7,'ZABA110620HGRRSRA7'),(900,'Diagnostico','art003',8.8,'LEFD110313MGRNLRA3'),(901,'Diagnostico','cinatu003',9.4,'LEFD110313MGRNLRA3'),(902,'Diagnostico','edusoc003',8.7,'LEFD110313MGRNLRA3'),(903,'Diagnostico','entvivo003',9.5,'LEFD110313MGRNLRA3'),(904,'Diagnostico','espa003',10,'LEFD110313MGRNLRA3'),(905,'Diagnostico','fce003',9.7,'LEFD110313MGRNLRA3'),(906,'Diagnostico','infrob003',10,'LEFD110313MGRNLRA3'),(907,'Diagnostico','ingles003',7.8,'LEFD110313MGRNLRA3'),(908,'Diagnostico','mate003',7,'LEFD110313MGRNLRA3'),(909,'Diagnostico','art004',10,'OAMM110711HGRCDTA7'),(910,'Diagnostico','cinatu004',10,'OAMM110711HGRCDTA7'),(911,'Diagnostico','edufisi004',10,'OAMM110711HGRCDTA7'),(912,'Diagnostico','edusoc004',10,'OAMM110711HGRCDTA7'),(913,'Diagnostico','espa004',10,'OAMM110711HGRCDTA7'),(914,'Diagnostico','fce004',10,'OAMM110711HGRCDTA7'),(915,'Diagnostico','geo004',10,'OAMM110711HGRCDTA7'),(916,'Diagnostico','his004',10,'OAMM110711HGRCDTA7'),(917,'Diagnostico','infrob004',10,'OAMM110711HGRCDTA7'),(918,'Diagnostico','ingles004',10,'OAMM110711HGRCDTA7'),(919,'Diagnostico','mate004',10,'OAMM110711HGRCDTA7'),(920,'Septiembre','art004',10,'OAMM110711HGRCDTA7'),(921,'Septiembre','cinatu004',10,'OAMM110711HGRCDTA7'),(922,'Septiembre','edufisi004',10,'OAMM110711HGRCDTA7'),(923,'Septiembre','edusoc004',10,'OAMM110711HGRCDTA7'),(924,'Septiembre','espa004',10,'OAMM110711HGRCDTA7'),(925,'Septiembre','fce004',10,'OAMM110711HGRCDTA7'),(926,'Septiembre','geo004',10,'OAMM110711HGRCDTA7'),(927,'Septiembre','his004',10,'OAMM110711HGRCDTA7'),(928,'Septiembre','infrob004',10,'OAMM110711HGRCDTA7'),(929,'Septiembre','ingles004',10,'OAMM110711HGRCDTA7'),(930,'Septiembre','mate004',10,'OAMM110711HGRCDTA7'),(931,'Septiembre','art004',10,'MOTL110206MGRRRZA5'),(932,'Septiembre','cinatu004',10,'MOTL110206MGRRRZA5'),(933,'Septiembre','edufisi004',10,'MOTL110206MGRRRZA5'),(934,'Septiembre','edusoc004',10,'MOTL110206MGRRRZA5'),(935,'Septiembre','espa004',10,'MOTL110206MGRRRZA5'),(936,'Septiembre','fce004',10,'MOTL110206MGRRRZA5'),(937,'Septiembre','geo004',10,'MOTL110206MGRRRZA5'),(938,'Septiembre','his004',10,'MOTL110206MGRRRZA5'),(939,'Septiembre','infrob004',10,'MOTL110206MGRRRZA5'),(940,'Septiembre','ingles004',10,'MOTL110206MGRRRZA5'),(941,'Septiembre','mate004',10,'MOTL110206MGRRRZA5'),(942,'Octubre','art004',10,'MOTL110206MGRRRZA5'),(943,'Octubre','cinatu004',10,'MOTL110206MGRRRZA5'),(944,'Octubre','edufisi004',10,'MOTL110206MGRRRZA5'),(945,'Octubre','edusoc004',10,'MOTL110206MGRRRZA5'),(946,'Octubre','espa004',10,'MOTL110206MGRRRZA5'),(947,'Octubre','fce004',10,'MOTL110206MGRRRZA5'),(948,'Octubre','geo004',10,'MOTL110206MGRRRZA5'),(949,'Octubre','his004',10,'MOTL110206MGRRRZA5'),(950,'Octubre','infrob004',10,'MOTL110206MGRRRZA5'),(951,'Octubre','ingles004',10,'MOTL110206MGRRRZA5'),(952,'Octubre','mate004',10,'MOTL110206MGRRRZA5'),(953,'Nov/Dic','art004',10,'MOTL110206MGRRRZA5'),(954,'Nov/Dic','cinatu004',10,'MOTL110206MGRRRZA5'),(955,'Nov/Dic','edufisi004',10,'MOTL110206MGRRRZA5'),(956,'Nov/Dic','edusoc004',10,'MOTL110206MGRRRZA5'),(957,'Nov/Dic','espa004',10,'MOTL110206MGRRRZA5'),(958,'Nov/Dic','fce004',10,'MOTL110206MGRRRZA5'),(959,'Nov/Dic','geo004',10,'MOTL110206MGRRRZA5'),(960,'Nov/Dic','his004',10,'MOTL110206MGRRRZA5'),(961,'Nov/Dic','infrob004',10,'MOTL110206MGRRRZA5'),(962,'Nov/Dic','ingles004',10,'MOTL110206MGRRRZA5'),(963,'Nov/Dic','mate004',10,'MOTL110206MGRRRZA5'),(964,'Diagnostico','art001',10,'GFTBSV8862M0093892'),(965,'Diagnostico','conome001',10,'GFTBSV8862M0093892'),(966,'Diagnostico','edufisi001',10,'GFTBSV8862M0093892'),(967,'Diagnostico','edusoc001',10,'GFTBSV8862M0093892'),(968,'Diagnostico','infrob001',10,'GFTBSV8862M0093892'),(969,'Diagnostico','ingles001',10,'GFTBSV8862M0093892'),(970,'Diagnostico','lenma001',10,'GFTBSV8862M0093892'),(971,'Diagnostico','mate001',10,'GFTBSV8862M0093892'),(972,'Septiembre','art001',10,'GFTBSV8862M0093892'),(973,'Septiembre','conome001',10,'GFTBSV8862M0093892'),(974,'Septiembre','edufisi001',10,'GFTBSV8862M0093892'),(975,'Septiembre','edusoc001',10,'GFTBSV8862M0093892'),(976,'Septiembre','infrob001',10,'GFTBSV8862M0093892'),(977,'Septiembre','ingles001',10,'GFTBSV8862M0093892'),(978,'Septiembre','lenma001',10,'GFTBSV8862M0093892'),(979,'Septiembre','mate001',10,'GFTBSV8862M0093892'),(980,'Octubre','art001',10,'GFTBSV8862M0093892'),(981,'Octubre','conome001',10,'GFTBSV8862M0093892'),(982,'Octubre','edufisi001',10,'GFTBSV8862M0093892'),(983,'Octubre','edusoc001',10,'GFTBSV8862M0093892'),(984,'Octubre','infrob001',10,'GFTBSV8862M0093892'),(985,'Octubre','ingles001',10,'GFTBSV8862M0093892'),(986,'Octubre','lenma001',10,'GFTBSV8862M0093892'),(987,'Octubre','mate001',10,'GFTBSV8862M0093892'),(988,'Nov/Dic','art001',10,'GFTBSV8862M0093892'),(989,'Nov/Dic','conome001',10,'GFTBSV8862M0093892'),(990,'Nov/Dic','edufisi001',10,'GFTBSV8862M0093892'),(991,'Nov/Dic','edusoc001',10,'GFTBSV8862M0093892'),(992,'Nov/Dic','infrob001',10,'GFTBSV8862M0093892'),(993,'Nov/Dic','ingles001',10,'GFTBSV8862M0093892'),(994,'Nov/Dic','lenma001',10,'GFTBSV8862M0093892'),(995,'Nov/Dic','mate001',10,'GFTBSV8862M0093892'),(996,'Enero','art001',10,'GFTBSV8862M0093892'),(997,'Enero','conome001',10,'GFTBSV8862M0093892'),(998,'Enero','edufisi001',10,'GFTBSV8862M0093892'),(999,'Enero','edusoc001',10,'GFTBSV8862M0093892'),(1000,'Enero','infrob001',10,'GFTBSV8862M0093892'),(1001,'Enero','ingles001',10,'GFTBSV8862M0093892'),(1002,'Enero','lenma001',10,'GFTBSV8862M0093892'),(1003,'Enero','mate001',10,'GFTBSV8862M0093892'),(1004,'Febrero','art001',10,'GFTBSV8862M0093892'),(1005,'Febrero','conome001',10,'GFTBSV8862M0093892'),(1006,'Febrero','edufisi001',10,'GFTBSV8862M0093892'),(1007,'Febrero','edusoc001',10,'GFTBSV8862M0093892'),(1008,'Febrero','infrob001',10,'GFTBSV8862M0093892'),(1009,'Febrero','ingles001',10,'GFTBSV8862M0093892'),(1010,'Febrero','lenma001',10,'GFTBSV8862M0093892'),(1011,'Febrero','mate001',10,'GFTBSV8862M0093892'),(1012,'Marzo','art001',10,'GFTBSV8862M0093892'),(1013,'Marzo','conome001',10,'GFTBSV8862M0093892'),(1014,'Marzo','edufisi001',10,'GFTBSV8862M0093892'),(1015,'Marzo','edusoc001',10,'GFTBSV8862M0093892'),(1016,'Marzo','infrob001',10,'GFTBSV8862M0093892'),(1017,'Marzo','ingles001',10,'GFTBSV8862M0093892'),(1018,'Marzo','lenma001',10,'GFTBSV8862M0093892'),(1019,'Marzo','mate001',10,'GFTBSV8862M0093892'),(1020,'Abril','art001',10,'GFTBSV8862M0093892'),(1021,'Abril','conome001',10,'GFTBSV8862M0093892'),(1022,'Abril','edufisi001',10,'GFTBSV8862M0093892'),(1023,'Abril','edusoc001',10,'GFTBSV8862M0093892'),(1024,'Abril','infrob001',10,'GFTBSV8862M0093892'),(1025,'Abril','ingles001',10,'GFTBSV8862M0093892'),(1026,'Abril','lenma001',10,'GFTBSV8862M0093892'),(1027,'Abril','mate001',10,'GFTBSV8862M0093892'),(1028,'Mayo','art001',10,'GFTBSV8862M0093892'),(1029,'Mayo','conome001',10,'GFTBSV8862M0093892'),(1030,'Mayo','edufisi001',10,'GFTBSV8862M0093892'),(1031,'Mayo','edusoc001',10,'GFTBSV8862M0093892'),(1032,'Mayo','infrob001',10,'GFTBSV8862M0093892'),(1033,'Mayo','ingles001',10,'GFTBSV8862M0093892'),(1034,'Mayo','lenma001',10,'GFTBSV8862M0093892'),(1035,'Mayo','mate001',10,'GFTBSV8862M0093892'),(1036,'Junio','art001',10,'GFTBSV8862M0093892'),(1037,'Junio','conome001',10,'GFTBSV8862M0093892'),(1038,'Junio','edufisi001',10,'GFTBSV8862M0093892'),(1039,'Junio','edusoc001',10,'GFTBSV8862M0093892'),(1040,'Junio','infrob001',10,'GFTBSV8862M0093892'),(1041,'Junio','ingles001',10,'GFTBSV8862M0093892'),(1042,'Junio','lenma001',10,'GFTBSV8862M0093892'),(1043,'Junio','mate001',10,'GFTBSV8862M0093892'),(1044,'Diagnostico','art001',10,'MMHDSU83MMSNJE8291'),(1045,'Diagnostico','conome001',10,'MMHDSU83MMSNJE8291'),(1046,'Diagnostico','edufisi001',10,'MMHDSU83MMSNJE8291'),(1047,'Diagnostico','edusoc001',10,'MMHDSU83MMSNJE8291'),(1048,'Diagnostico','infrob001',10,'MMHDSU83MMSNJE8291'),(1049,'Diagnostico','ingles001',10,'MMHDSU83MMSNJE8291'),(1050,'Diagnostico','lenma001',10,'MMHDSU83MMSNJE8291'),(1051,'Diagnostico','mate001',10,'MMHDSU83MMSNJE8291'),(1052,'Septiembre','art001',10,'MMHDSU83MMSNJE8291'),(1053,'Septiembre','conome001',10,'MMHDSU83MMSNJE8291'),(1054,'Septiembre','edufisi001',10,'MMHDSU83MMSNJE8291'),(1055,'Septiembre','edusoc001',10,'MMHDSU83MMSNJE8291'),(1056,'Septiembre','infrob001',10,'MMHDSU83MMSNJE8291'),(1057,'Septiembre','ingles001',10,'MMHDSU83MMSNJE8291'),(1058,'Septiembre','lenma001',10,'MMHDSU83MMSNJE8291'),(1059,'Septiembre','mate001',10,'MMHDSU83MMSNJE8291'),(1060,'Octubre','art001',10,'MMHDSU83MMSNJE8291'),(1061,'Octubre','conome001',10,'MMHDSU83MMSNJE8291'),(1062,'Octubre','edufisi001',10,'MMHDSU83MMSNJE8291'),(1063,'Octubre','edusoc001',10,'MMHDSU83MMSNJE8291'),(1064,'Octubre','infrob001',10,'MMHDSU83MMSNJE8291'),(1065,'Octubre','ingles001',10,'MMHDSU83MMSNJE8291'),(1066,'Octubre','lenma001',10,'MMHDSU83MMSNJE8291'),(1067,'Octubre','mate001',10,'MMHDSU83MMSNJE8291'),(1068,'Nov/Dic','art001',10,'MMHDSU83MMSNJE8291'),(1069,'Nov/Dic','conome001',10,'MMHDSU83MMSNJE8291'),(1070,'Nov/Dic','edufisi001',10,'MMHDSU83MMSNJE8291'),(1071,'Nov/Dic','edusoc001',10,'MMHDSU83MMSNJE8291'),(1072,'Nov/Dic','infrob001',10,'MMHDSU83MMSNJE8291'),(1073,'Nov/Dic','ingles001',10,'MMHDSU83MMSNJE8291'),(1074,'Nov/Dic','lenma001',10,'MMHDSU83MMSNJE8291'),(1075,'Nov/Dic','mate001',10,'MMHDSU83MMSNJE8291'),(1076,'Enero','art001',10,'MMHDSU83MMSNJE8291'),(1077,'Enero','conome001',10,'MMHDSU83MMSNJE8291'),(1078,'Enero','edufisi001',10,'MMHDSU83MMSNJE8291'),(1079,'Enero','edusoc001',10,'MMHDSU83MMSNJE8291'),(1080,'Enero','infrob001',10,'MMHDSU83MMSNJE8291'),(1081,'Enero','ingles001',10,'MMHDSU83MMSNJE8291'),(1082,'Enero','lenma001',10,'MMHDSU83MMSNJE8291'),(1083,'Enero','mate001',10,'MMHDSU83MMSNJE8291'),(1084,'Diagnostico','art005',5,'SOCR110715HGRTVGA0'),(1085,'Diagnostico','cinatu005',6.1,'SOCR110715HGRTVGA0'),(1086,'Diagnostico','edufisi005',8.4,'SOCR110715HGRTVGA0'),(1087,'Diagnostico','edusoc005',7.4,'SOCR110715HGRTVGA0'),(1088,'Diagnostico','espa005',9.5,'SOCR110715HGRTVGA0'),(1089,'Diagnostico','fce005',5,'SOCR110715HGRTVGA0'),(1090,'Diagnostico','geo005',6.6,'SOCR110715HGRTVGA0'),(1091,'Diagnostico','his005',7.2,'SOCR110715HGRTVGA0'),(1092,'Diagnostico','infrob005',8.4,'SOCR110715HGRTVGA0'),(1093,'Diagnostico','ingles005',9.5,'SOCR110715HGRTVGA0'),(1094,'Diagnostico','mate005',10,'SOCR110715HGRTVGA0'),(1095,'Septiembre','art005',10,'SOCR110715HGRTVGA0'),(1096,'Septiembre','cinatu005',5,'SOCR110715HGRTVGA0'),(1097,'Septiembre','edufisi005',8.2,'SOCR110715HGRTVGA0'),(1098,'Septiembre','edusoc005',9.2,'SOCR110715HGRTVGA0'),(1099,'Septiembre','espa005',7.4,'SOCR110715HGRTVGA0'),(1100,'Septiembre','fce005',7.3,'SOCR110715HGRTVGA0'),(1101,'Septiembre','geo005',8.4,'SOCR110715HGRTVGA0'),(1102,'Septiembre','his005',9.4,'SOCR110715HGRTVGA0'),(1103,'Septiembre','infrob005',7.4,'SOCR110715HGRTVGA0'),(1104,'Septiembre','ingles005',10,'SOCR110715HGRTVGA0'),(1105,'Septiembre','mate005',8.9,'SOCR110715HGRTVGA0'),(1128,'Diagnostico','art006',10,'TOFS110203MGRRRRA2'),(1129,'Diagnostico','cinatu006',10,'TOFS110203MGRRRRA2'),(1130,'Diagnostico','edufisi006',10,'TOFS110203MGRRRRA2'),(1131,'Diagnostico','edusoc006',10,'TOFS110203MGRRRRA2'),(1132,'Diagnostico','espa006',10,'TOFS110203MGRRRRA2'),(1133,'Diagnostico','fce006',10,'TOFS110203MGRRRRA2'),(1134,'Diagnostico','geo006',10,'TOFS110203MGRRRRA2'),(1135,'Diagnostico','his006',10,'TOFS110203MGRRRRA2'),(1136,'Diagnostico','infrob006',10,'TOFS110203MGRRRRA2'),(1137,'Diagnostico','ingles006',10,'TOFS110203MGRRRRA2'),(1138,'Diagnostico','mate006',8.5,'TOFS110203MGRRRRA2'),(1139,'Septiembre','art006',6.1,'TOFS110203MGRRRRA2'),(1140,'Septiembre','cinatu006',6.3,'TOFS110203MGRRRRA2'),(1141,'Septiembre','edufisi006',6.2,'TOFS110203MGRRRRA2'),(1142,'Septiembre','edusoc006',6.4,'TOFS110203MGRRRRA2'),(1143,'Septiembre','espa006',8.4,'TOFS110203MGRRRRA2'),(1144,'Septiembre','fce006',6.4,'TOFS110203MGRRRRA2'),(1145,'Septiembre','geo006',7.5,'TOFS110203MGRRRRA2'),(1146,'Septiembre','his006',8.4,'TOFS110203MGRRRRA2'),(1147,'Septiembre','infrob006',9.2,'TOFS110203MGRRRRA2'),(1148,'Septiembre','ingles006',10,'TOFS110203MGRRRRA2'),(1149,'Septiembre','mate006',5,'TOFS110203MGRRRRA2'),(1150,'Octubre','art006',7.3,'TOFS110203MGRRRRA2'),(1151,'Octubre','cinatu006',8.2,'TOFS110203MGRRRRA2'),(1152,'Octubre','edufisi006',9.2,'TOFS110203MGRRRRA2'),(1153,'Octubre','edusoc006',10,'TOFS110203MGRRRRA2'),(1154,'Octubre','espa006',10,'TOFS110203MGRRRRA2'),(1155,'Octubre','fce006',9.3,'TOFS110203MGRRRRA2'),(1156,'Octubre','geo006',9.2,'TOFS110203MGRRRRA2'),(1157,'Octubre','his006',9.2,'TOFS110203MGRRRRA2'),(1158,'Octubre','infrob006',7.1,'TOFS110203MGRRRRA2'),(1159,'Octubre','ingles006',8.5,'TOFS110203MGRRRRA2'),(1160,'Octubre','mate006',7.8,'TOFS110203MGRRRRA2'),(1161,'Nov/Dic','art006',7.2,'TOFS110203MGRRRRA2'),(1162,'Nov/Dic','cinatu006',8.2,'TOFS110203MGRRRRA2'),(1163,'Nov/Dic','edufisi006',9.2,'TOFS110203MGRRRRA2'),(1164,'Nov/Dic','edusoc006',8.2,'TOFS110203MGRRRRA2'),(1165,'Nov/Dic','espa006',7.5,'TOFS110203MGRRRRA2'),(1166,'Nov/Dic','fce006',8.4,'TOFS110203MGRRRRA2'),(1167,'Nov/Dic','geo006',9.2,'TOFS110203MGRRRRA2'),(1168,'Nov/Dic','his006',7.3,'TOFS110203MGRRRRA2'),(1169,'Nov/Dic','infrob006',6.4,'TOFS110203MGRRRRA2'),(1170,'Nov/Dic','ingles006',9.6,'TOFS110203MGRRRRA2'),(1171,'Nov/Dic','mate006',10,'TOFS110203MGRRRRA2'),(1172,'Enero','art006',10,'TOFS110203MGRRRRA2'),(1173,'Enero','cinatu006',10,'TOFS110203MGRRRRA2'),(1174,'Enero','edufisi006',10,'TOFS110203MGRRRRA2'),(1175,'Enero','edusoc006',10,'TOFS110203MGRRRRA2'),(1176,'Enero','espa006',10,'TOFS110203MGRRRRA2'),(1177,'Enero','fce006',10,'TOFS110203MGRRRRA2'),(1178,'Enero','geo006',10,'TOFS110203MGRRRRA2'),(1179,'Enero','his006',6,'TOFS110203MGRRRRA2'),(1180,'Enero','infrob006',6.1,'TOFS110203MGRRRRA2'),(1181,'Enero','ingles006',6.4,'TOFS110203MGRRRRA2'),(1182,'Enero','mate006',6.7,'TOFS110203MGRRRRA2'),(1183,'Febrero','art006',10,'TOFS110203MGRRRRA2'),(1184,'Febrero','cinatu006',10,'TOFS110203MGRRRRA2'),(1185,'Febrero','edufisi006',10,'TOFS110203MGRRRRA2'),(1186,'Febrero','edusoc006',10,'TOFS110203MGRRRRA2'),(1187,'Febrero','espa006',10,'TOFS110203MGRRRRA2'),(1188,'Febrero','fce006',10,'TOFS110203MGRRRRA2'),(1189,'Febrero','geo006',10,'TOFS110203MGRRRRA2'),(1190,'Febrero','his006',10,'TOFS110203MGRRRRA2'),(1191,'Febrero','infrob006',10,'TOFS110203MGRRRRA2'),(1192,'Febrero','ingles006',10,'TOFS110203MGRRRRA2'),(1193,'Febrero','mate006',10,'TOFS110203MGRRRRA2'),(1194,'Marzo','art006',10,'TOFS110203MGRRRRA2'),(1195,'Marzo','cinatu006',10,'TOFS110203MGRRRRA2'),(1196,'Marzo','edufisi006',10,'TOFS110203MGRRRRA2'),(1197,'Marzo','edusoc006',10,'TOFS110203MGRRRRA2'),(1198,'Marzo','espa006',10,'TOFS110203MGRRRRA2'),(1199,'Marzo','fce006',10,'TOFS110203MGRRRRA2'),(1200,'Marzo','geo006',10,'TOFS110203MGRRRRA2'),(1201,'Marzo','his006',10,'TOFS110203MGRRRRA2'),(1202,'Marzo','infrob006',10,'TOFS110203MGRRRRA2'),(1203,'Marzo','ingles006',10,'TOFS110203MGRRRRA2'),(1204,'Marzo','mate006',10,'TOFS110203MGRRRRA2'),(1205,'Diagnostico','art001',10,'AAVJ790923MGRBLN08'),(1206,'Diagnostico','conome001',7.1,'AAVJ790923MGRBLN08'),(1207,'Diagnostico','edufisi001',8.1,'AAVJ790923MGRBLN08'),(1208,'Diagnostico','edusoc001',9.2,'AAVJ790923MGRBLN08'),(1209,'Diagnostico','infrob001',6.6,'AAVJ790923MGRBLN08'),(1210,'Diagnostico','ingles001',7.3,'AAVJ790923MGRBLN08'),(1211,'Diagnostico','lenma001',9.3,'AAVJ790923MGRBLN08'),(1212,'Diagnostico','mate001',8.4,'AAVJ790923MGRBLN08'),(1213,'Septiembre','art001',10,'AAVJ790923MGRBLN08'),(1214,'Septiembre','conome001',10,'AAVJ790923MGRBLN08'),(1215,'Septiembre','edufisi001',10,'AAVJ790923MGRBLN08'),(1216,'Septiembre','edusoc001',7.1,'AAVJ790923MGRBLN08'),(1217,'Septiembre','infrob001',8.5,'AAVJ790923MGRBLN08'),(1218,'Septiembre','ingles001',7.2,'AAVJ790923MGRBLN08'),(1219,'Septiembre','lenma001',9.1,'AAVJ790923MGRBLN08'),(1220,'Septiembre','mate001',8.2,'AAVJ790923MGRBLN08'),(1221,'Octubre','art001',7.1,'AAVJ790923MGRBLN08'),(1222,'Octubre','conome001',8.2,'AAVJ790923MGRBLN08'),(1223,'Octubre','edufisi001',9.3,'AAVJ790923MGRBLN08'),(1224,'Octubre','edusoc001',7.2,'AAVJ790923MGRBLN08'),(1225,'Octubre','infrob001',7.7,'AAVJ790923MGRBLN08'),(1226,'Octubre','ingles001',8.3,'AAVJ790923MGRBLN08'),(1227,'Octubre','lenma001',9.2,'AAVJ790923MGRBLN08'),(1228,'Octubre','mate001',7.2,'AAVJ790923MGRBLN08'),(1229,'Nov/Dic','art001',5,'AAVJ790923MGRBLN08'),(1230,'Nov/Dic','conome001',6.2,'AAVJ790923MGRBLN08'),(1231,'Nov/Dic','edufisi001',7.3,'AAVJ790923MGRBLN08'),(1232,'Nov/Dic','edusoc001',8.3,'AAVJ790923MGRBLN08'),(1233,'Nov/Dic','infrob001',9.5,'AAVJ790923MGRBLN08'),(1234,'Nov/Dic','ingles001',8.3,'AAVJ790923MGRBLN08'),(1235,'Nov/Dic','lenma001',9.5,'AAVJ790923MGRBLN08'),(1236,'Nov/Dic','mate001',5,'AAVJ790923MGRBLN08'),(1237,'Enero','art001',10,'AAVJ790923MGRBLN08'),(1238,'Enero','conome001',10,'AAVJ790923MGRBLN08'),(1239,'Enero','edufisi001',10,'AAVJ790923MGRBLN08'),(1240,'Enero','edusoc001',10,'AAVJ790923MGRBLN08'),(1241,'Enero','infrob001',10,'AAVJ790923MGRBLN08'),(1242,'Enero','ingles001',10,'AAVJ790923MGRBLN08'),(1243,'Enero','lenma001',10,'AAVJ790923MGRBLN08'),(1244,'Enero','mate001',10,'AAVJ790923MGRBLN08'),(1245,'Diagnostico','art001',6.1,'CAMM551229HGRRRG06'),(1246,'Diagnostico','conome001',7.2,'CAMM551229HGRRRG06'),(1247,'Diagnostico','edufisi001',8.5,'CAMM551229HGRRRG06'),(1248,'Diagnostico','edusoc001',9.6,'CAMM551229HGRRRG06'),(1249,'Diagnostico','infrob001',10,'CAMM551229HGRRRG06'),(1250,'Diagnostico','ingles001',7.3,'CAMM551229HGRRRG06'),(1251,'Diagnostico','lenma001',8.3,'CAMM551229HGRRRG06'),(1252,'Diagnostico','mate001',5,'CAMM551229HGRRRG06'),(1253,'Septiembre','art001',5,'CAMM551229HGRRRG06'),(1254,'Septiembre','conome001',6.1,'CAMM551229HGRRRG06'),(1255,'Septiembre','edufisi001',7.2,'CAMM551229HGRRRG06'),(1256,'Septiembre','edusoc001',7.5,'CAMM551229HGRRRG06'),(1257,'Septiembre','infrob001',8.8,'CAMM551229HGRRRG06'),(1258,'Septiembre','ingles001',8.5,'CAMM551229HGRRRG06'),(1259,'Septiembre','lenma001',9.5,'CAMM551229HGRRRG06'),(1260,'Septiembre','mate001',10,'CAMM551229HGRRRG06'),(1261,'Octubre','art001',5,'CAMM551229HGRRRG06'),(1262,'Octubre','conome001',6.2,'CAMM551229HGRRRG06'),(1263,'Octubre','edufisi001',8.3,'CAMM551229HGRRRG06'),(1264,'Octubre','edusoc001',9.3,'CAMM551229HGRRRG06'),(1265,'Octubre','infrob001',10,'CAMM551229HGRRRG06'),(1266,'Octubre','ingles001',6.2,'CAMM551229HGRRRG06'),(1267,'Octubre','lenma001',7.5,'CAMM551229HGRRRG06'),(1268,'Octubre','mate001',8.2,'CAMM551229HGRRRG06'),(1269,'Nov/Dic','art001',5,'CAMM551229HGRRRG06'),(1270,'Nov/Dic','conome001',6.1,'CAMM551229HGRRRG06'),(1271,'Nov/Dic','edufisi001',6.3,'CAMM551229HGRRRG06'),(1272,'Nov/Dic','edusoc001',7.6,'CAMM551229HGRRRG06'),(1273,'Nov/Dic','infrob001',8.7,'CAMM551229HGRRRG06'),(1274,'Nov/Dic','ingles001',8.4,'CAMM551229HGRRRG06'),(1275,'Nov/Dic','lenma001',9.2,'CAMM551229HGRRRG06'),(1276,'Nov/Dic','mate001',10,'CAMM551229HGRRRG06'),(1277,'Enero','art001',6.5,'CAMM551229HGRRRG06'),(1278,'Enero','conome001',7.2,'CAMM551229HGRRRG06'),(1279,'Enero','edufisi001',8.4,'CAMM551229HGRRRG06'),(1280,'Enero','edusoc001',8.1,'CAMM551229HGRRRG06'),(1281,'Enero','infrob001',6.4,'CAMM551229HGRRRG06'),(1282,'Enero','ingles001',9.4,'CAMM551229HGRRRG06'),(1283,'Enero','lenma001',10,'CAMM551229HGRRRG06'),(1284,'Enero','mate001',6.6,'CAMM551229HGRRRG06'),(1285,'Febrero','art001',9.1,'CAMM551229HGRRRG06'),(1286,'Febrero','conome001',9.5,'CAMM551229HGRRRG06'),(1287,'Febrero','edufisi001',8.4,'CAMM551229HGRRRG06'),(1288,'Febrero','edusoc001',7.5,'CAMM551229HGRRRG06'),(1289,'Febrero','infrob001',9.5,'CAMM551229HGRRRG06'),(1290,'Febrero','ingles001',6.2,'CAMM551229HGRRRG06'),(1291,'Febrero','lenma001',7.5,'CAMM551229HGRRRG06'),(1292,'Febrero','mate001',8.5,'CAMM551229HGRRRG06'),(1293,'Marzo','art001',6.3,'CAMM551229HGRRRG06'),(1294,'Marzo','conome001',8.2,'CAMM551229HGRRRG06'),(1295,'Marzo','edufisi001',9.2,'CAMM551229HGRRRG06'),(1296,'Marzo','edusoc001',8.2,'CAMM551229HGRRRG06'),(1297,'Marzo','infrob001',6.6,'CAMM551229HGRRRG06'),(1298,'Marzo','ingles001',9.5,'CAMM551229HGRRRG06'),(1299,'Marzo','lenma001',10,'CAMM551229HGRRRG06'),(1300,'Marzo','mate001',9.6,'CAMM551229HGRRRG06'),(1301,'Abril','art001',6,'CAMM551229HGRRRG06'),(1302,'Abril','conome001',7.1,'CAMM551229HGRRRG06'),(1303,'Abril','edufisi001',8.3,'CAMM551229HGRRRG06'),(1304,'Abril','edusoc001',8.3,'CAMM551229HGRRRG06'),(1305,'Abril','infrob001',8.5,'CAMM551229HGRRRG06'),(1306,'Abril','ingles001',9.4,'CAMM551229HGRRRG06'),(1307,'Abril','lenma001',9.2,'CAMM551229HGRRRG06'),(1308,'Abril','mate001',10,'CAMM551229HGRRRG06'),(1309,'Mayo','art001',5,'CAMM551229HGRRRG06'),(1310,'Mayo','conome001',8.2,'CAMM551229HGRRRG06'),(1311,'Mayo','edufisi001',9.3,'CAMM551229HGRRRG06'),(1312,'Mayo','edusoc001',9.5,'CAMM551229HGRRRG06'),(1313,'Mayo','infrob001',9.2,'CAMM551229HGRRRG06'),(1314,'Mayo','ingles001',7.4,'CAMM551229HGRRRG06'),(1315,'Mayo','lenma001',8.4,'CAMM551229HGRRRG06'),(1316,'Mayo','mate001',5,'CAMM551229HGRRRG06'),(1317,'Junio','art001',7.4,'CAMM551229HGRRRG06'),(1318,'Junio','conome001',7.3,'CAMM551229HGRRRG06'),(1319,'Junio','edufisi001',8.2,'CAMM551229HGRRRG06'),(1320,'Junio','edusoc001',8.4,'CAMM551229HGRRRG06'),(1321,'Junio','infrob001',9.6,'CAMM551229HGRRRG06'),(1322,'Junio','ingles001',5,'CAMM551229HGRRRG06'),(1323,'Junio','lenma001',5,'CAMM551229HGRRRG06'),(1324,'Junio','mate001',5,'CAMM551229HGRRRG06'),(1325,'Nov/Dic','art002',10,'GAMX110720MGRLRMA7'),(1326,'Nov/Dic','conome002',10,'GAMX110720MGRLRMA7'),(1327,'Nov/Dic','edufisi002',10,'GAMX110720MGRLRMA7'),(1328,'Nov/Dic','edusoc002',10,'GAMX110720MGRLRMA7'),(1329,'Nov/Dic','infrob002',10,'GAMX110720MGRLRMA7'),(1330,'Nov/Dic','ingles002',10,'GAMX110720MGRLRMA7'),(1331,'Nov/Dic','lenma002',10,'GAMX110720MGRLRMA7'),(1332,'Nov/Dic','mate002',10,'GAMX110720MGRLRMA7'),(1333,'Enero','art002',10,'GAMX110720MGRLRMA7'),(1334,'Enero','conome002',10,'GAMX110720MGRLRMA7'),(1335,'Enero','edufisi002',10,'GAMX110720MGRLRMA7'),(1336,'Enero','edusoc002',9.1,'GAMX110720MGRLRMA7'),(1337,'Enero','infrob002',9,'GAMX110720MGRLRMA7'),(1338,'Enero','ingles002',9.1,'GAMX110720MGRLRMA7'),(1339,'Enero','lenma002',9.1,'GAMX110720MGRLRMA7'),(1340,'Enero','mate002',7.1,'GAMX110720MGRLRMA7'),(1341,'Febrero','art002',10,'GAMX110720MGRLRMA7'),(1342,'Febrero','conome002',10,'GAMX110720MGRLRMA7'),(1343,'Febrero','edufisi002',10,'GAMX110720MGRLRMA7'),(1344,'Febrero','edusoc002',10,'GAMX110720MGRLRMA7'),(1345,'Febrero','infrob002',10,'GAMX110720MGRLRMA7'),(1346,'Febrero','ingles002',10,'GAMX110720MGRLRMA7'),(1347,'Febrero','lenma002',10,'GAMX110720MGRLRMA7'),(1348,'Febrero','mate002',10,'GAMX110720MGRLRMA7'),(1349,'Marzo','art002',10,'GAMX110720MGRLRMA7'),(1350,'Marzo','conome002',8,'GAMX110720MGRLRMA7'),(1351,'Marzo','edufisi002',8,'GAMX110720MGRLRMA7'),(1352,'Marzo','edusoc002',8,'GAMX110720MGRLRMA7'),(1353,'Marzo','infrob002',9,'GAMX110720MGRLRMA7'),(1354,'Marzo','ingles002',9,'GAMX110720MGRLRMA7'),(1355,'Marzo','lenma002',10,'GAMX110720MGRLRMA7'),(1356,'Marzo','mate002',10,'GAMX110720MGRLRMA7'),(1357,'Abril','art002',10,'GAMX110720MGRLRMA7'),(1358,'Abril','conome002',10,'GAMX110720MGRLRMA7'),(1359,'Abril','edufisi002',10,'GAMX110720MGRLRMA7'),(1360,'Abril','edusoc002',10,'GAMX110720MGRLRMA7'),(1361,'Abril','infrob002',10,'GAMX110720MGRLRMA7'),(1362,'Abril','ingles002',10,'GAMX110720MGRLRMA7'),(1363,'Abril','lenma002',10,'GAMX110720MGRLRMA7'),(1364,'Abril','mate002',10,'GAMX110720MGRLRMA7'),(1365,'Mayo','art002',10,'GAMX110720MGRLRMA7'),(1366,'Mayo','conome002',10,'GAMX110720MGRLRMA7'),(1367,'Mayo','edufisi002',10,'GAMX110720MGRLRMA7'),(1368,'Mayo','edusoc002',10,'GAMX110720MGRLRMA7'),(1369,'Mayo','infrob002',10,'GAMX110720MGRLRMA7'),(1370,'Mayo','ingles002',7.4,'GAMX110720MGRLRMA7'),(1371,'Mayo','lenma002',8.6,'GAMX110720MGRLRMA7'),(1372,'Mayo','mate002',5,'GAMX110720MGRLRMA7'),(1373,'Junio','art002',10,'GAMX110720MGRLRMA7'),(1374,'Junio','conome002',8,'GAMX110720MGRLRMA7'),(1375,'Junio','edufisi002',8,'GAMX110720MGRLRMA7'),(1376,'Junio','edusoc002',8,'GAMX110720MGRLRMA7'),(1377,'Junio','infrob002',9.3,'GAMX110720MGRLRMA7'),(1378,'Junio','ingles002',9.2,'GAMX110720MGRLRMA7'),(1379,'Junio','lenma002',9,'GAMX110720MGRLRMA7'),(1380,'Junio','mate002',9,'GAMX110720MGRLRMA7'),(1381,'Febrero','art001',10,'AAVJ790923MGRBLN08'),(1382,'Febrero','conome001',10,'AAVJ790923MGRBLN08'),(1383,'Febrero','edufisi001',10,'AAVJ790923MGRBLN08'),(1384,'Febrero','edusoc001',10,'AAVJ790923MGRBLN08'),(1385,'Febrero','infrob001',10,'AAVJ790923MGRBLN08'),(1386,'Febrero','ingles001',10,'AAVJ790923MGRBLN08'),(1387,'Febrero','lenma001',10,'AAVJ790923MGRBLN08'),(1388,'Febrero','mate001',10,'AAVJ790923MGRBLN08'),(1389,'Marzo','art001',10,'AAVJ790923MGRBLN08'),(1390,'Marzo','conome001',10,'AAVJ790923MGRBLN08'),(1391,'Marzo','edufisi001',10,'AAVJ790923MGRBLN08'),(1392,'Marzo','edusoc001',10,'AAVJ790923MGRBLN08'),(1393,'Marzo','infrob001',10,'AAVJ790923MGRBLN08'),(1394,'Marzo','ingles001',6,'AAVJ790923MGRBLN08'),(1395,'Marzo','lenma001',10,'AAVJ790923MGRBLN08'),(1396,'Marzo','mate001',10,'AAVJ790923MGRBLN08'),(1397,'Abril','art001',10,'AAVJ790923MGRBLN08'),(1398,'Abril','conome001',10,'AAVJ790923MGRBLN08'),(1399,'Abril','edufisi001',8,'AAVJ790923MGRBLN08'),(1400,'Abril','edusoc001',7.2,'AAVJ790923MGRBLN08'),(1401,'Abril','infrob001',7.4,'AAVJ790923MGRBLN08'),(1402,'Abril','ingles001',9,'AAVJ790923MGRBLN08'),(1403,'Abril','lenma001',9,'AAVJ790923MGRBLN08'),(1404,'Abril','mate001',8,'AAVJ790923MGRBLN08'),(1405,'Diagnostico','art001',10,'7MDSJ272391JSLM111'),(1406,'Diagnostico','conome001',10,'7MDSJ272391JSLM111'),(1407,'Diagnostico','edufisi001',10,'7MDSJ272391JSLM111'),(1408,'Diagnostico','edusoc001',10,'7MDSJ272391JSLM111'),(1409,'Diagnostico','infrob001',10,'7MDSJ272391JSLM111'),(1410,'Diagnostico','ingles001',10,'7MDSJ272391JSLM111'),(1411,'Diagnostico','lenma001',10,'7MDSJ272391JSLM111'),(1412,'Diagnostico','mate001',10,'7MDSJ272391JSLM111'),(1413,'Septiembre','art001',10,'7MDSJ272391JSLM111'),(1414,'Septiembre','conome001',10,'7MDSJ272391JSLM111'),(1415,'Septiembre','edufisi001',10,'7MDSJ272391JSLM111'),(1416,'Septiembre','edusoc001',10,'7MDSJ272391JSLM111'),(1417,'Septiembre','infrob001',10,'7MDSJ272391JSLM111'),(1418,'Septiembre','ingles001',10,'7MDSJ272391JSLM111'),(1419,'Septiembre','lenma001',10,'7MDSJ272391JSLM111'),(1420,'Septiembre','mate001',10,'7MDSJ272391JSLM111'),(1421,'Octubre','art001',10,'7MDSJ272391JSLM111'),(1422,'Octubre','conome001',10,'7MDSJ272391JSLM111'),(1423,'Octubre','edufisi001',10,'7MDSJ272391JSLM111'),(1424,'Octubre','edusoc001',10,'7MDSJ272391JSLM111'),(1425,'Octubre','infrob001',10,'7MDSJ272391JSLM111'),(1426,'Octubre','ingles001',10,'7MDSJ272391JSLM111'),(1427,'Octubre','lenma001',10,'7MDSJ272391JSLM111'),(1428,'Octubre','mate001',10,'7MDSJ272391JSLM111'),(1429,'Nov/Dic','art001',10,'7MDSJ272391JSLM111'),(1430,'Nov/Dic','conome001',10,'7MDSJ272391JSLM111'),(1431,'Nov/Dic','edufisi001',10,'7MDSJ272391JSLM111'),(1432,'Nov/Dic','edusoc001',10,'7MDSJ272391JSLM111'),(1433,'Nov/Dic','infrob001',10,'7MDSJ272391JSLM111'),(1434,'Nov/Dic','ingles001',10,'7MDSJ272391JSLM111'),(1435,'Nov/Dic','lenma001',10,'7MDSJ272391JSLM111'),(1436,'Nov/Dic','mate001',10,'7MDSJ272391JSLM111'),(1437,'Enero','art001',10,'7MDSJ272391JSLM111'),(1438,'Enero','conome001',10,'7MDSJ272391JSLM111'),(1439,'Enero','edufisi001',10,'7MDSJ272391JSLM111'),(1440,'Enero','edusoc001',10,'7MDSJ272391JSLM111'),(1441,'Enero','infrob001',10,'7MDSJ272391JSLM111'),(1442,'Enero','ingles001',10,'7MDSJ272391JSLM111'),(1443,'Enero','lenma001',10,'7MDSJ272391JSLM111'),(1444,'Enero','mate001',10,'7MDSJ272391JSLM111'),(1445,'Febrero','art001',10,'7MDSJ272391JSLM111'),(1446,'Febrero','conome001',10,'7MDSJ272391JSLM111'),(1447,'Febrero','edufisi001',10,'7MDSJ272391JSLM111'),(1448,'Febrero','edusoc001',10,'7MDSJ272391JSLM111'),(1449,'Febrero','infrob001',10,'7MDSJ272391JSLM111'),(1450,'Febrero','ingles001',10,'7MDSJ272391JSLM111'),(1451,'Febrero','lenma001',10,'7MDSJ272391JSLM111'),(1452,'Febrero','mate001',10,'7MDSJ272391JSLM111'),(1453,'Marzo','art001',10,'7MDSJ272391JSLM111'),(1454,'Marzo','conome001',10,'7MDSJ272391JSLM111'),(1455,'Marzo','edufisi001',10,'7MDSJ272391JSLM111'),(1456,'Marzo','edusoc001',10,'7MDSJ272391JSLM111'),(1457,'Marzo','infrob001',10,'7MDSJ272391JSLM111'),(1458,'Marzo','ingles001',10,'7MDSJ272391JSLM111'),(1459,'Marzo','lenma001',10,'7MDSJ272391JSLM111'),(1460,'Marzo','mate001',10,'7MDSJ272391JSLM111'),(1461,'Abril','art001',10,'7MDSJ272391JSLM111'),(1462,'Abril','conome001',10,'7MDSJ272391JSLM111'),(1463,'Abril','edufisi001',10,'7MDSJ272391JSLM111'),(1464,'Abril','edusoc001',10,'7MDSJ272391JSLM111'),(1465,'Abril','infrob001',10,'7MDSJ272391JSLM111'),(1466,'Abril','ingles001',10,'7MDSJ272391JSLM111'),(1467,'Abril','lenma001',10,'7MDSJ272391JSLM111'),(1468,'Abril','mate001',10,'7MDSJ272391JSLM111'),(1469,'Mayo','art001',10,'7MDSJ272391JSLM111'),(1470,'Mayo','conome001',10,'7MDSJ272391JSLM111'),(1471,'Mayo','edufisi001',10,'7MDSJ272391JSLM111'),(1472,'Mayo','edusoc001',10,'7MDSJ272391JSLM111'),(1473,'Mayo','infrob001',10,'7MDSJ272391JSLM111'),(1474,'Mayo','ingles001',10,'7MDSJ272391JSLM111'),(1475,'Mayo','lenma001',10,'7MDSJ272391JSLM111'),(1476,'Mayo','mate001',10,'7MDSJ272391JSLM111'),(1477,'Junio','art001',10,'7MDSJ272391JSLM111'),(1478,'Junio','conome001',10,'7MDSJ272391JSLM111'),(1479,'Junio','edufisi001',10,'7MDSJ272391JSLM111'),(1480,'Junio','edusoc001',10,'7MDSJ272391JSLM111'),(1481,'Junio','infrob001',10,'7MDSJ272391JSLM111'),(1482,'Junio','ingles001',10,'7MDSJ272391JSLM111'),(1483,'Junio','lenma001',10,'7MDSJ272391JSLM111'),(1484,'Junio','mate001',10,'7MDSJ272391JSLM111'),(1485,'Diagnostico','art001',10,'HGSIHD88873NSK0OI9'),(1486,'Diagnostico','conome001',10,'HGSIHD88873NSK0OI9'),(1487,'Diagnostico','edufisi001',10,'HGSIHD88873NSK0OI9'),(1488,'Diagnostico','edusoc001',10,'HGSIHD88873NSK0OI9'),(1489,'Diagnostico','infrob001',10,'HGSIHD88873NSK0OI9'),(1490,'Diagnostico','ingles001',10,'HGSIHD88873NSK0OI9'),(1491,'Diagnostico','lenma001',10,'HGSIHD88873NSK0OI9'),(1492,'Diagnostico','mate001',10,'HGSIHD88873NSK0OI9'),(1493,'Septiembre','art001',7,'AFBV199780M8RLR12'),(1494,'Septiembre','conome001',7,'AFBV199780M8RLR12'),(1495,'Septiembre','edufisi001',9,'AFBV199780M8RLR12'),(1496,'Septiembre','edusoc001',9,'AFBV199780M8RLR12'),(1497,'Septiembre','infrob001',10,'AFBV199780M8RLR12'),(1498,'Septiembre','ingles001',10,'AFBV199780M8RLR12'),(1499,'Septiembre','lenma001',10,'AFBV199780M8RLR12'),(1500,'Septiembre','mate001',10,'AFBV199780M8RLR12'),(1501,'Septiembre','art001',10,'HGSIHD88873NSK0OI9'),(1502,'Septiembre','conome001',10,'HGSIHD88873NSK0OI9'),(1503,'Septiembre','edufisi001',10,'HGSIHD88873NSK0OI9'),(1504,'Septiembre','edusoc001',10,'HGSIHD88873NSK0OI9'),(1505,'Septiembre','infrob001',10,'HGSIHD88873NSK0OI9'),(1506,'Septiembre','ingles001',10,'HGSIHD88873NSK0OI9'),(1507,'Septiembre','lenma001',10,'HGSIHD88873NSK0OI9'),(1508,'Septiembre','mate001',10,'HGSIHD88873NSK0OI9'),(1509,'Octubre','art001',10,'HGSIHD88873NSK0OI9'),(1510,'Octubre','conome001',10,'HGSIHD88873NSK0OI9'),(1511,'Octubre','edufisi001',10,'HGSIHD88873NSK0OI9'),(1512,'Octubre','edusoc001',10,'HGSIHD88873NSK0OI9'),(1513,'Octubre','infrob001',10,'HGSIHD88873NSK0OI9'),(1514,'Octubre','ingles001',10,'HGSIHD88873NSK0OI9'),(1515,'Octubre','lenma001',10,'HGSIHD88873NSK0OI9'),(1516,'Octubre','mate001',10,'HGSIHD88873NSK0OI9'),(1517,'Octubre','art001',10,'AFBV199780M8RLR12'),(1518,'Octubre','conome001',10,'AFBV199780M8RLR12'),(1519,'Octubre','edufisi001',10,'AFBV199780M8RLR12'),(1520,'Octubre','edusoc001',10,'AFBV199780M8RLR12'),(1521,'Octubre','infrob001',10,'AFBV199780M8RLR12'),(1522,'Octubre','ingles001',10,'AFBV199780M8RLR12'),(1523,'Octubre','lenma001',10,'AFBV199780M8RLR12'),(1524,'Octubre','mate001',10,'AFBV199780M8RLR12'),(1525,'Nov/Dic','art001',10,'AFBV199780M8RLR12'),(1526,'Nov/Dic','conome001',10,'AFBV199780M8RLR12'),(1527,'Nov/Dic','edufisi001',10,'AFBV199780M8RLR12'),(1528,'Nov/Dic','edusoc001',10,'AFBV199780M8RLR12'),(1529,'Nov/Dic','infrob001',10,'AFBV199780M8RLR12'),(1530,'Nov/Dic','ingles001',10,'AFBV199780M8RLR12'),(1531,'Nov/Dic','lenma001',10,'AFBV199780M8RLR12'),(1532,'Nov/Dic','mate001',10,'AFBV199780M8RLR12'),(1533,'Enero','art001',10,'AFBV199780M8RLR12'),(1534,'Enero','conome001',10,'AFBV199780M8RLR12'),(1535,'Enero','edufisi001',10,'AFBV199780M8RLR12'),(1536,'Enero','edusoc001',10,'AFBV199780M8RLR12'),(1537,'Enero','infrob001',10,'AFBV199780M8RLR12'),(1538,'Enero','ingles001',9.1,'AFBV199780M8RLR12'),(1539,'Enero','lenma001',9,'AFBV199780M8RLR12'),(1540,'Enero','mate001',6,'AFBV199780M8RLR12'),(1590,'Septiembre','art003',10,'GURK110920MGRTMLA4'),(1591,'Septiembre','cinatu003',7.3,'GURK110920MGRTMLA4'),(1592,'Septiembre','edusoc003',8.5,'GURK110920MGRTMLA4'),(1593,'Septiembre','entvivo003',9.4,'GURK110920MGRTMLA4'),(1594,'Septiembre','espa003',9.1,'GURK110920MGRTMLA4'),(1595,'Septiembre','fce003',6,'GURK110920MGRTMLA4'),(1596,'Septiembre','infrob003',5,'GURK110920MGRTMLA4'),(1597,'Septiembre','ingles003',10,'GURK110920MGRTMLA4'),(1598,'Septiembre','mate003',9,'GURK110920MGRTMLA4'),(1599,'Octubre','art005',10,'SOCR110715HGRTVGA0'),(1600,'Octubre','cinatu005',5,'SOCR110715HGRTVGA0'),(1601,'Octubre','edufisi005',8.7,'SOCR110715HGRTVGA0'),(1602,'Octubre','edusoc005',9.7,'SOCR110715HGRTVGA0'),(1603,'Octubre','espa005',7.1,'SOCR110715HGRTVGA0'),(1604,'Octubre','fce005',10,'SOCR110715HGRTVGA0'),(1605,'Octubre','geo005',7.3,'SOCR110715HGRTVGA0'),(1606,'Octubre','his005',8,'SOCR110715HGRTVGA0'),(1607,'Octubre','infrob005',9.9,'SOCR110715HGRTVGA0'),(1608,'Octubre','ingles005',8.6,'SOCR110715HGRTVGA0'),(1609,'Octubre','mate005',6.2,'SOCR110715HGRTVGA0'),(1610,'Nov/Dic','art005',8.3,'SOCR110715HGRTVGA0'),(1611,'Nov/Dic','cinatu005',6.8,'SOCR110715HGRTVGA0'),(1612,'Nov/Dic','edufisi005',9,'SOCR110715HGRTVGA0'),(1613,'Nov/Dic','edusoc005',10,'SOCR110715HGRTVGA0'),(1614,'Nov/Dic','espa005',5,'SOCR110715HGRTVGA0'),(1615,'Nov/Dic','fce005',7.7,'SOCR110715HGRTVGA0'),(1616,'Nov/Dic','geo005',8,'SOCR110715HGRTVGA0'),(1617,'Nov/Dic','his005',6.3,'SOCR110715HGRTVGA0'),(1618,'Nov/Dic','infrob005',9.9,'SOCR110715HGRTVGA0'),(1619,'Nov/Dic','ingles005',5,'SOCR110715HGRTVGA0'),(1620,'Nov/Dic','mate005',6.4,'SOCR110715HGRTVGA0');
/*!40000 ALTER TABLE `calif_mensual` ENABLE KEYS */;
UNLOCK TABLES;

--
-- Table structure for table `calif_trimestre`
--

DROP TABLE IF EXISTS `calif_trimestre`;
/*!40101 SET @saved_cs_client     = @@character_set_client */;
/*!50503 SET character_set_client = utf8mb4 */;
CREATE TABLE `calif_trimestre` (
  `id_trimestre` varchar(10) CHARACTER SET utf8mb4 COLLATE utf8mb4_0900_ai_ci NOT NULL,
  `clave_materia` varchar(10) NOT NULL,
  `calificacion` double NOT NULL,
  `curp` varchar(18) NOT NULL,
  `trimestre` int(11) NOT NULL,
  PRIMARY KEY (`id_trimestre`),
  KEY `Fk_curp_trim_idx` (`curp`),
  KEY `Fk_materia_trim_idx` (`clave_materia`),
  CONSTRAINT `Fk_curp_trim` FOREIGN KEY (`curp`) REFERENCES `alumno` (`curp`) ON DELETE CASCADE ON UPDATE CASCADE,
  CONSTRAINT `Fk_materia_trim` FOREIGN KEY (`clave_materia`) REFERENCES `materias` (`clave_materia`) ON DELETE CASCADE ON UPDATE CASCADE
) ENGINE=InnoDB DEFAULT CHARSET=utf8mb4 COLLATE=utf8mb4_0900_ai_ci;
/*!40101 SET character_set_client = @saved_cs_client */;

--
-- Dumping data for table `calif_trimestre`
--

LOCK TABLES `calif_trimestre` WRITE;
/*!40000 ALTER TABLE `calif_trimestre` DISABLE KEYS */;
INSERT INTO `calif_trimestre` VALUES ('tr000','art001',8.799999999999999,'CAAM990621HGRRBR02',1),('tr001','conome001',8.799999999999999,'CAAM990621HGRRBR02',1),('tr002','edufisi001',7.2,'CAAM990621HGRRBR02',1),('tr003','edusoc001',8.9,'CAAM990621HGRRBR02',1),('tr004','infrob001',7.566666666666666,'CAAM990621HGRRBR02',1),('tr005','ingles001',8.799999999999999,'CAAM990621HGRRBR02',1),('tr006','lenma001',8.766666666666666,'CAAM990621HGRRBR02',1),('tr007','mate001',8.333333333333334,'CAAM990621HGRRBR02',1),('tr008','art001',8.333333333333334,'4543BHJGBHJBCKD554',1),('tr009','conome001',6.666666666666667,'4543BHJGBHJBCKD554',1),('tr010','edufisi001',7.133333333333333,'4543BHJGBHJBCKD554',1),('tr011','edusoc001',7.933333333333334,'4543BHJGBHJBCKD554',1),('tr012','infrob001',8.766666666666666,'4543BHJGBHJBCKD554',1),('tr013','ingles001',8.766666666666667,'4543BHJGBHJBCKD554',1),('tr014','lenma001',8.466666666666667,'4543BHJGBHJBCKD554',1),('tr015','mate001',8.133333333333333,'4543BHJGBHJBCKD554',1),('tr016','art006',7.366666666666667,'PITR940215HTSZHD04',1),('tr017','cinatu006',8.133333333333335,'PITR940215HTSZHD04',1),('tr018','edufisi006',7.566666666666667,'PITR940215HTSZHD04',1),('tr019','edusoc006',9.433333333333332,'PITR940215HTSZHD04',1),('tr020','espa006',6.099999999999999,'PITR940215HTSZHD04',1),('tr021','fce006',9.5,'PITR940215HTSZHD04',1),('tr022','geo006',8.333333333333334,'PITR940215HTSZHD04',1),('tr023','his006',8.966666666666667,'PITR940215HTSZHD04',1),('tr024','infrob006',8.333333333333334,'PITR940215HTSZHD04',1),('tr025','ingles006',8.933333333333332,'PITR940215HTSZHD04',1),('tr026','mate006',8.666666666666666,'PITR940215HTSZHD04',1),('tr027','art006',7.866666666666667,'PITR940215HTSZHD04',2),('tr028','cinatu006',8.200000000000001,'PITR940215HTSZHD04',2),('tr029','edufisi006',7.433333333333333,'PITR940215HTSZHD04',2),('tr030','edusoc006',8.833333333333334,'PITR940215HTSZHD04',2),('tr031','espa006',6.8,'PITR940215HTSZHD04',2),('tr032','fce006',8.366666666666667,'PITR940215HTSZHD04',2),('tr033','geo006',8.233333333333334,'PITR940215HTSZHD04',2),('tr034','his006',7.133333333333333,'PITR940215HTSZHD04',2),('tr035','infrob006',7.8999999999999995,'PITR940215HTSZHD04',2),('tr036','ingles006',7.566666666666666,'PITR940215HTSZHD04',2),('tr037','mate006',7.8,'PITR940215HTSZHD04',2),('tr049','art003',6.166666666666667,'MAGS110519HGRRNNA3',1),('tr050','cinatu003',7.233333333333334,'MAGS110519HGRRNNA3',1),('tr051','edusoc003',8.233333333333333,'MAGS110519HGRRNNA3',1),('tr052','entvivo003',8.633333333333335,'MAGS110519HGRRNNA3',1),('tr053','espa003',7.566666666666667,'MAGS110519HGRRNNA3',1),('tr054','fce003',8.700000000000001,'MAGS110519HGRRNNA3',1),('tr055','infrob003',8.9,'MAGS110519HGRRNNA3',1),('tr056','ingles003',6.866666666666667,'MAGS110519HGRRNNA3',1),('tr057','mate003',6.599999999999999,'MAGS110519HGRRNNA3',1),('tr058','art001',6.833333333333333,'4543BHJGBHJBCKD554',2),('tr059','conome001',7.766666666666666,'4543BHJGBHJBCKD554',2),('tr060','edufisi001',8.833333333333334,'4543BHJGBHJBCKD554',2),('tr061','edusoc001',7.333333333333333,'4543BHJGBHJBCKD554',2),('tr062','infrob001',6.766666666666667,'4543BHJGBHJBCKD554',2),('tr063','ingles001',7.933333333333333,'4543BHJGBHJBCKD554',2),('tr064','lenma001',7.7,'4543BHJGBHJBCKD554',2),('tr065','mate001',8.566666666666666,'4543BHJGBHJBCKD554',2),('tr074','art003',5.8,'MAGS110519HGRRNNA3',2),('tr075','cinatu003',6.8,'MAGS110519HGRRNNA3',2),('tr076','edusoc003',7.633333333333333,'MAGS110519HGRRNNA3',2),('tr077','entvivo003',8.733333333333333,'MAGS110519HGRRNNA3',2),('tr078','espa003',8.066666666666666,'MAGS110519HGRRNNA3',2),('tr079','fce003',7.566666666666666,'MAGS110519HGRRNNA3',2),('tr080','infrob003',8.566666666666666,'MAGS110519HGRRNNA3',2),('tr081','ingles003',8.299999999999999,'MAGS110519HGRRNNA3',2),('tr082','mate003',8.1,'MAGS110519HGRRNNA3',2),('tr092','art001',10,'JJJJJDHS63792NDMSF',1),('tr093','conome001',10,'JJJJJDHS63792NDMSF',1),('tr094','edufisi001',10,'JJJJJDHS63792NDMSF',1),('tr095','edusoc001',10,'JJJJJDHS63792NDMSF',1),('tr096','infrob001',10,'JJJJJDHS63792NDMSF',1),('tr097','ingles001',10,'JJJJJDHS63792NDMSF',1),('tr098','lenma001',10,'JJJJJDHS63792NDMSF',1),('tr099','mate001',10,'JJJJJDHS63792NDMSF',1),('tr100','art001',7.666666666666667,'JJJJJDHS63792NDMSF',2),('tr101','conome001',7.666666666666667,'JJJJJDHS63792NDMSF',2),('tr102','edufisi001',7.666666666666667,'JJJJJDHS63792NDMSF',2),('tr103','edusoc001',7.666666666666667,'JJJJJDHS63792NDMSF',2),('tr104','infrob001',7.666666666666667,'JJJJJDHS63792NDMSF',2),('tr105','ingles001',7.666666666666667,'JJJJJDHS63792NDMSF',2),('tr106','lenma001',7.666666666666667,'JJJJJDHS63792NDMSF',2),('tr107','mate001',7.666666666666667,'JJJJJDHS63792NDMSF',2),('tr116','art006',10,'ZABA110620HGRRSRA7',1),('tr117','cinatu006',10,'ZABA110620HGRRSRA7',1),('tr118','edufisi006',10,'ZABA110620HGRRSRA7',1),('tr119','edusoc006',10,'ZABA110620HGRRSRA7',1),('tr120','espa006',10,'ZABA110620HGRRSRA7',1),('tr121','fce006',10,'ZABA110620HGRRSRA7',1),('tr122','geo006',10,'ZABA110620HGRRSRA7',1),('tr123','his006',10,'ZABA110620HGRRSRA7',1),('tr124','infrob006',10,'ZABA110620HGRRSRA7',1),('tr125','ingles006',10,'ZABA110620HGRRSRA7',1),('tr126','mate006',10,'ZABA110620HGRRSRA7',1),('tr127','art001',10,'CAAM990621HGRRBR02',2),('tr128','conome001',10,'CAAM990621HGRRBR02',2),('tr129','edufisi001',10,'CAAM990621HGRRBR02',2),('tr130','edusoc001',10,'CAAM990621HGRRBR02',2),('tr131','infrob001',10,'CAAM990621HGRRBR02',2),('tr132','ingles001',10,'CAAM990621HGRRBR02',2),('tr133','lenma001',10,'CAAM990621HGRRBR02',2),('tr134','mate001',10,'CAAM990621HGRRBR02',2),('tr143','art005',10,'RAGS111122HGRMRLA6',1),('tr144','cinatu005',10,'RAGS111122HGRMRLA6',1),('tr145','edufisi005',10,'RAGS111122HGRMRLA6',1),('tr146','edusoc005',10,'RAGS111122HGRMRLA6',1),('tr147','espa005',10,'RAGS111122HGRMRLA6',1),('tr148','fce005',10,'RAGS111122HGRMRLA6',1),('tr149','geo005',10,'RAGS111122HGRMRLA6',1),('tr150','his005',10,'RAGS111122HGRMRLA6',1),('tr151','infrob005',10,'RAGS111122HGRMRLA6',1),('tr152','ingles005',10,'RAGS111122HGRMRLA6',1),('tr153','mate005',10,'RAGS111122HGRMRLA6',1),('tr154','art005',9,'RAGS111122HGRMRLA6',2),('tr155','cinatu005',9,'RAGS111122HGRMRLA6',2),('tr156','edufisi005',9,'RAGS111122HGRMRLA6',2),('tr157','edusoc005',9,'RAGS111122HGRMRLA6',2),('tr158','espa005',9,'RAGS111122HGRMRLA6',2),('tr159','fce005',9,'RAGS111122HGRMRLA6',2),('tr160','geo005',9,'RAGS111122HGRMRLA6',2),('tr161','his005',7.333333333333333,'RAGS111122HGRMRLA6',2),('tr162','infrob005',7.333333333333333,'RAGS111122HGRMRLA6',2),('tr163','ingles005',7.333333333333333,'RAGS111122HGRMRLA6',2),('tr164','mate005',7.333333333333333,'RAGS111122HGRMRLA6',2),('tr176','art004',10,'MOCG110603HGRNRLA1',1),('tr177','cinatu004',10,'MOCG110603HGRNRLA1',1),('tr178','edufisi004',10,'MOCG110603HGRNRLA1',1),('tr179','edusoc004',10,'MOCG110603HGRNRLA1',1),('tr180','espa004',10,'MOCG110603HGRNRLA1',1),('tr181','fce004',10,'MOCG110603HGRNRLA1',1),('tr182','geo004',10,'MOCG110603HGRNRLA1',1),('tr183','his004',10,'MOCG110603HGRNRLA1',1),('tr184','infrob004',10,'MOCG110603HGRNRLA1',1),('tr185','ingles004',10,'MOCG110603HGRNRLA1',1),('tr186','mate004',10,'MOCG110603HGRNRLA1',1),('tr187','art006',9.366666666666667,'ZABA110620HGRRSRA7',2),('tr188','cinatu006',9.366666666666667,'ZABA110620HGRRSRA7',2),('tr189','edufisi006',9.333333333333334,'ZABA110620HGRRSRA7',2),('tr190','edusoc006',9.333333333333334,'ZABA110620HGRRSRA7',2),('tr191','espa006',9.4,'ZABA110620HGRRSRA7',2),('tr192','fce006',9.333333333333334,'ZABA110620HGRRSRA7',2),('tr193','geo006',9.366666666666667,'ZABA110620HGRRSRA7',2),('tr194','his006',9.333333333333334,'ZABA110620HGRRSRA7',2),('tr195','infrob006',9.333333333333334,'ZABA110620HGRRSRA7',2),('tr196','ingles006',9.4,'ZABA110620HGRRSRA7',2),('tr197','mate006',9.533333333333333,'ZABA110620HGRRSRA7',2),('tr198','art006',7.366666666666667,'ZABA110620HGRRSRA7',3),('tr199','cinatu006',8.033333333333333,'ZABA110620HGRRSRA7',3),('tr200','edufisi006',8.033333333333333,'ZABA110620HGRRSRA7',3),('tr201','edusoc006',8.033333333333333,'ZABA110620HGRRSRA7',3),('tr202','espa006',8.533333333333333,'ZABA110620HGRRSRA7',3),('tr203','fce006',7.433333333333333,'ZABA110620HGRRSRA7',3),('tr204','geo006',7.366666666666667,'ZABA110620HGRRSRA7',3),('tr205','his006',7.7,'ZABA110620HGRRSRA7',3),('tr206','infrob006',7.8,'ZABA110620HGRRSRA7',3),('tr207','ingles006',7.933333333333334,'ZABA110620HGRRSRA7',3),('tr208','mate006',8.1,'ZABA110620HGRRSRA7',3),('tr209','art004',10,'MOTL110206MGRRRZA5',1),('tr210','cinatu004',10,'MOTL110206MGRRRZA5',1),('tr211','edufisi004',10,'MOTL110206MGRRRZA5',1),('tr212','edusoc004',10,'MOTL110206MGRRRZA5',1),('tr213','espa004',10,'MOTL110206MGRRRZA5',1),('tr214','fce004',10,'MOTL110206MGRRRZA5',1),('tr215','geo004',10,'MOTL110206MGRRRZA5',1),('tr216','his004',10,'MOTL110206MGRRRZA5',1),('tr217','infrob004',10,'MOTL110206MGRRRZA5',1),('tr218','ingles004',10,'MOTL110206MGRRRZA5',1),('tr219','mate004',10,'MOTL110206MGRRRZA5',1),('tr220','art001',10,'GFTBSV8862M0093892',1),('tr221','conome001',10,'GFTBSV8862M0093892',1),('tr222','edufisi001',10,'GFTBSV8862M0093892',1),('tr223','edusoc001',10,'GFTBSV8862M0093892',1),('tr224','infrob001',10,'GFTBSV8862M0093892',1),('tr225','ingles001',10,'GFTBSV8862M0093892',1),('tr226','lenma001',10,'GFTBSV8862M0093892',1),('tr227','mate001',10,'GFTBSV8862M0093892',1),('tr228','art001',10,'GFTBSV8862M0093892',2),('tr229','conome001',10,'GFTBSV8862M0093892',2),('tr230','edufisi001',10,'GFTBSV8862M0093892',2),('tr231','edusoc001',10,'GFTBSV8862M0093892',2),('tr232','infrob001',10,'GFTBSV8862M0093892',2),('tr233','ingles001',10,'GFTBSV8862M0093892',2),('tr234','lenma001',10,'GFTBSV8862M0093892',2),('tr235','mate001',10,'GFTBSV8862M0093892',2),('tr236','art001',10,'GFTBSV8862M0093892',3),('tr237','conome001',10,'GFTBSV8862M0093892',3),('tr238','edufisi001',10,'GFTBSV8862M0093892',3),('tr239','edusoc001',10,'GFTBSV8862M0093892',3),('tr240','infrob001',10,'GFTBSV8862M0093892',3),('tr241','ingles001',10,'GFTBSV8862M0093892',3),('tr242','lenma001',10,'GFTBSV8862M0093892',3),('tr243','mate001',10,'GFTBSV8862M0093892',3),('tr244','art001',10,'MMHDSU83MMSNJE8291',1),('tr245','conome001',10,'MMHDSU83MMSNJE8291',1),('tr246','edufisi001',10,'MMHDSU83MMSNJE8291',1),('tr247','edusoc001',10,'MMHDSU83MMSNJE8291',1),('tr248','infrob001',10,'MMHDSU83MMSNJE8291',1),('tr249','ingles001',10,'MMHDSU83MMSNJE8291',1),('tr250','lenma001',10,'MMHDSU83MMSNJE8291',1),('tr251','mate001',10,'MMHDSU83MMSNJE8291',1),('tr252','art006',6.866666666666666,'TOFS110203MGRRRRA2',1),('tr253','cinatu006',7.566666666666666,'TOFS110203MGRRRRA2',1),('tr254','edufisi006',8.2,'TOFS110203MGRRRRA2',1),('tr255','edusoc006',8.2,'TOFS110203MGRRRRA2',1),('tr256','espa006',8.633333333333333,'TOFS110203MGRRRRA2',1),('tr257','fce006',8.033333333333333,'TOFS110203MGRRRRA2',1),('tr258','geo006',8.633333333333333,'TOFS110203MGRRRRA2',1),('tr259','his006',8.3,'TOFS110203MGRRRRA2',1),('tr260','infrob006',7.5666666666666655,'TOFS110203MGRRRRA2',1),('tr261','ingles006',9.366666666666667,'TOFS110203MGRRRRA2',1),('tr262','mate006',7.6000000000000005,'TOFS110203MGRRRRA2',1),('tr263','art006',10,'TOFS110203MGRRRRA2',2),('tr264','cinatu006',10,'TOFS110203MGRRRRA2',2),('tr265','edufisi006',10,'TOFS110203MGRRRRA2',2),('tr266','edusoc006',10,'TOFS110203MGRRRRA2',2),('tr267','espa006',10,'TOFS110203MGRRRRA2',2),('tr268','fce006',10,'TOFS110203MGRRRRA2',2),('tr269','geo006',10,'TOFS110203MGRRRRA2',2),('tr270','his006',8.666666666666666,'TOFS110203MGRRRRA2',2),('tr271','infrob006',8.700000000000001,'TOFS110203MGRRRRA2',2),('tr272','ingles006',8.799999999999999,'TOFS110203MGRRRRA2',2),('tr273','mate006',8.9,'TOFS110203MGRRRRA2',2),('tr274','art001',7.366666666666667,'AAVJ790923MGRBLN08',1),('tr275','conome001',8.133333333333333,'AAVJ790923MGRBLN08',1),('tr276','edufisi001',8.866666666666667,'AAVJ790923MGRBLN08',1),('tr277','edusoc001',7.533333333333334,'AAVJ790923MGRBLN08',1),('tr278','infrob001',8.566666666666666,'AAVJ790923MGRBLN08',1),('tr279','ingles001',7.933333333333334,'AAVJ790923MGRBLN08',1),('tr280','lenma001',9.266666666666666,'AAVJ790923MGRBLN08',1),('tr281','mate001',6.8,'AAVJ790923MGRBLN08',1),('tr282','art001',5,'CAMM551229HGRRRG06',1),('tr283','conome001',6.133333333333333,'CAMM551229HGRRRG06',1),('tr284','edufisi001',7.266666666666667,'CAMM551229HGRRRG06',1),('tr285','edusoc001',8.133333333333333,'CAMM551229HGRRRG06',1),('tr286','infrob001',9.166666666666666,'CAMM551229HGRRRG06',1),('tr287','ingles001',7.7,'CAMM551229HGRRRG06',1),('tr288','lenma001',8.733333333333333,'CAMM551229HGRRRG06',1),('tr289','mate001',9.4,'CAMM551229HGRRRG06',1),('tr290','art001',7.3,'CAMM551229HGRRRG06',2),('tr291','conome001',8.299999999999999,'CAMM551229HGRRRG06',2),('tr292','edufisi001',8.666666666666666,'CAMM551229HGRRRG06',2),('tr293','edusoc001',7.933333333333333,'CAMM551229HGRRRG06',2),('tr294','infrob001',7.5,'CAMM551229HGRRRG06',2),('tr295','ingles001',8.366666666666667,'CAMM551229HGRRRG06',2),('tr296','lenma001',9.166666666666666,'CAMM551229HGRRRG06',2),('tr297','mate001',8.233333333333333,'CAMM551229HGRRRG06',2),('tr298','art001',6.133333333333333,'CAMM551229HGRRRG06',3),('tr299','conome001',7.533333333333332,'CAMM551229HGRRRG06',3),('tr300','edufisi001',8.6,'CAMM551229HGRRRG06',3),('tr301','edusoc001',8.733333333333334,'CAMM551229HGRRRG06',3),('tr302','infrob001',9.1,'CAMM551229HGRRRG06',3),('tr303','ingles001',7.266666666666667,'CAMM551229HGRRRG06',3),('tr304','lenma001',7.533333333333334,'CAMM551229HGRRRG06',3),('tr305','mate001',6.666666666666667,'CAMM551229HGRRRG06',3),('tr306','art002',9.733333333333333,'GAMX110720MGRLRMA7',1),('tr307','conome002',9.433333333333334,'GAMX110720MGRLRMA7',1),('tr308','edufisi002',9.366666666666667,'GAMX110720MGRLRMA7',1),('tr309','edusoc002',9.433333333333334,'GAMX110720MGRLRMA7',1),('tr310','infrob002',9.566666666666666,'GAMX110720MGRLRMA7',1),('tr311','ingles002',9.766666666666667,'GAMX110720MGRLRMA7',1),('tr312','lenma002',10,'GAMX110720MGRLRMA7',1),('tr313','mate002',10,'GAMX110720MGRLRMA7',1),('tr314','art002',10,'GAMX110720MGRLRMA7',2),('tr315','conome002',9.333333333333334,'GAMX110720MGRLRMA7',2),('tr316','edufisi002',9.333333333333334,'GAMX110720MGRLRMA7',2),('tr317','edusoc002',9.033333333333333,'GAMX110720MGRLRMA7',2),('tr318','infrob002',9.333333333333334,'GAMX110720MGRLRMA7',2),('tr319','ingles002',9.366666666666667,'GAMX110720MGRLRMA7',2),('tr320','lenma002',9.700000000000001,'GAMX110720MGRLRMA7',2),('tr321','mate002',9.033333333333333,'GAMX110720MGRLRMA7',2),('tr322','art002',10,'GAMX110720MGRLRMA7',3),('tr323','conome002',9.333333333333334,'GAMX110720MGRLRMA7',3),('tr324','edufisi002',9.333333333333334,'GAMX110720MGRLRMA7',3),('tr325','edusoc002',9.333333333333334,'GAMX110720MGRLRMA7',3),('tr326','infrob002',9.766666666666667,'GAMX110720MGRLRMA7',3),('tr327','ingles002',8.866666666666665,'GAMX110720MGRLRMA7',3),('tr328','lenma002',9.200000000000001,'GAMX110720MGRLRMA7',3),('tr329','mate002',8,'GAMX110720MGRLRMA7',3),('tr330','art001',10,'AAVJ790923MGRBLN08',2),('tr331','conome001',10,'AAVJ790923MGRBLN08',2),('tr332','edufisi001',10,'AAVJ790923MGRBLN08',2),('tr333','edusoc001',10,'AAVJ790923MGRBLN08',2),('tr334','infrob001',10,'AAVJ790923MGRBLN08',2),('tr335','ingles001',8.666666666666666,'AAVJ790923MGRBLN08',2),('tr336','lenma001',10,'AAVJ790923MGRBLN08',2),('tr337','mate001',10,'AAVJ790923MGRBLN08',2),('tr338','art001',10,'7MDSJ272391JSLM111',1),('tr339','conome001',10,'7MDSJ272391JSLM111',1),('tr340','edufisi001',10,'7MDSJ272391JSLM111',1),('tr341','edusoc001',10,'7MDSJ272391JSLM111',1),('tr342','infrob001',10,'7MDSJ272391JSLM111',1),('tr343','ingles001',10,'7MDSJ272391JSLM111',1),('tr344','lenma001',10,'7MDSJ272391JSLM111',1),('tr345','mate001',10,'7MDSJ272391JSLM111',1),('tr346','art001',10,'7MDSJ272391JSLM111',2),('tr347','conome001',10,'7MDSJ272391JSLM111',2),('tr348','edufisi001',10,'7MDSJ272391JSLM111',2),('tr349','edusoc001',10,'7MDSJ272391JSLM111',2),('tr350','infrob001',10,'7MDSJ272391JSLM111',2),('tr351','ingles001',10,'7MDSJ272391JSLM111',2),('tr352','lenma001',10,'7MDSJ272391JSLM111',2),('tr353','mate001',10,'7MDSJ272391JSLM111',2),('tr354','art001',10,'7MDSJ272391JSLM111',3),('tr355','conome001',10,'7MDSJ272391JSLM111',3),('tr356','edufisi001',10,'7MDSJ272391JSLM111',3),('tr357','edusoc001',10,'7MDSJ272391JSLM111',3),('tr358','infrob001',10,'7MDSJ272391JSLM111',3),('tr359','ingles001',10,'7MDSJ272391JSLM111',3),('tr360','lenma001',10,'7MDSJ272391JSLM111',3),('tr361','mate001',10,'7MDSJ272391JSLM111',3),('tr362','art001',9,'AFBV199780M8RLR12',1),('tr363','conome001',9,'AFBV199780M8RLR12',1),('tr364','edufisi001',9.666666666666666,'AFBV199780M8RLR12',1),('tr365','edusoc001',9.666666666666666,'AFBV199780M8RLR12',1),('tr366','infrob001',10,'AFBV199780M8RLR12',1),('tr367','ingles001',10,'AFBV199780M8RLR12',1),('tr368','lenma001',10,'AFBV199780M8RLR12',1),('tr369','mate001',10,'AFBV199780M8RLR12',1),('tr370','art001',10,'AFBV199780M8RLR12',2),('tr371','conome001',10,'AFBV199780M8RLR12',2),('tr372','edufisi001',10,'AFBV199780M8RLR12',2),('tr373','edusoc001',10,'AFBV199780M8RLR12',2),('tr374','infrob001',9.799999999999999,'AFBV199780M8RLR12',2),('tr375','ingles001',9.466666666666667,'AFBV199780M8RLR12',2),('tr376','lenma001',9.4,'AFBV199780M8RLR12',2),('tr377','mate001',7.333333333333333,'AFBV199780M8RLR12',2),('tr378','art001',9.4,'AFBV199780M8RLR12',3),('tr379','conome001',8.733333333333333,'AFBV199780M8RLR12',3),('tr380','edufisi001',9.200000000000001,'AFBV199780M8RLR12',3),('tr381','edusoc001',8.233333333333333,'AFBV199780M8RLR12',3),('tr382','infrob001',8.5,'AFBV199780M8RLR12',3),('tr383','ingles001',8.766666666666666,'AFBV199780M8RLR12',3),('tr384','lenma001',8.266666666666667,'AFBV199780M8RLR12',3),('tr385','mate001',8,'AFBV199780M8RLR12',3),('tr386','art006',6.7,'PITR940215HTSZHD04',3),('tr387','cinatu006',7.6,'PITR940215HTSZHD04',3),('tr388','edufisi006',8.3,'PITR940215HTSZHD04',3),('tr389','edusoc006',9.2,'PITR940215HTSZHD04',3),('tr390','espa006',8.55,'PITR940215HTSZHD04',3),('tr391','fce006',7.5,'PITR940215HTSZHD04',3),('tr392','geo006',8.350000000000001,'PITR940215HTSZHD04',3),('tr393','his006',9.149999999999999,'PITR940215HTSZHD04',3),('tr394','infrob006',8.6,'PITR940215HTSZHD04',3),('tr395','ingles006',8.7,'PITR940215HTSZHD04',3),('tr396','mate006',8.15,'PITR940215HTSZHD04',3),('tr397','art006',6.7,'PITR940215HTSZHD04',3),('tr398','cinatu006',7.6,'PITR940215HTSZHD04',3),('tr399','edufisi006',8.3,'PITR940215HTSZHD04',3),('tr400','edusoc006',9.2,'PITR940215HTSZHD04',3),('tr401','espa006',8.55,'PITR940215HTSZHD04',3),('tr402','fce006',7.5,'PITR940215HTSZHD04',3),('tr403','geo006',8.350000000000001,'PITR940215HTSZHD04',3),('tr404','his006',9.149999999999999,'PITR940215HTSZHD04',3),('tr405','infrob006',8.6,'PITR940215HTSZHD04',3),('tr406','ingles006',8.7,'PITR940215HTSZHD04',3),('tr407','mate006',8.15,'PITR940215HTSZHD04',3),('tr408','art003',8.766666666666667,'MAGS110519HGRRNNA3',3),('tr409','cinatu003',8.066666666666668,'MAGS110519HGRRNNA3',3),('tr410','edusoc003',8.866666666666667,'MAGS110519HGRRNNA3',3),('tr411','entvivo003',8.233333333333333,'MAGS110519HGRRNNA3',3),('tr412','espa003',9.466666666666667,'MAGS110519HGRRNNA3',3),('tr413','fce003',9.200000000000001,'MAGS110519HGRRNNA3',3),('tr414','infrob003',9.6,'MAGS110519HGRRNNA3',3),('tr415','ingles003',8.733333333333333,'MAGS110519HGRRNNA3',3),('tr416','mate003',9.9,'MAGS110519HGRRNNA3',3),('tr417','art005',9.433333333333334,'SOCR110715HGRTVGA0',1),('tr418','cinatu005',5.6000000000000005,'SOCR110715HGRTVGA0',1),('tr419','edufisi005',8.633333333333333,'SOCR110715HGRTVGA0',1),('tr420','edusoc005',9.633333333333333,'SOCR110715HGRTVGA0',1),('tr421','espa005',6.5,'SOCR110715HGRTVGA0',1),('tr422','fce005',8.333333333333334,'SOCR110715HGRTVGA0',1),('tr423','geo005',7.8999999999999995,'SOCR110715HGRTVGA0',1),('tr424','his005',7.8999999999999995,'SOCR110715HGRTVGA0',1),('tr425','infrob005',9.066666666666668,'SOCR110715HGRTVGA0',1),('tr426','ingles005',7.866666666666667,'SOCR110715HGRTVGA0',1),('tr427','mate005',7.166666666666667,'SOCR110715HGRTVGA0',1);
/*!40000 ALTER TABLE `calif_trimestre` ENABLE KEYS */;
UNLOCK TABLES;

--
-- Table structure for table `celdas`
--

DROP TABLE IF EXISTS `celdas`;
/*!40101 SET @saved_cs_client     = @@character_set_client */;
/*!50503 SET character_set_client = utf8mb4 */;
CREATE TABLE `celdas` (
  `id` int(11) NOT NULL AUTO_INCREMENT,
  `col1` char(1) DEFAULT NULL,
  `col2` char(1) DEFAULT NULL,
  `col3` char(1) DEFAULT NULL,
  `col4` char(1) DEFAULT NULL,
  `col5` char(1) DEFAULT NULL,
  `col6` char(1) DEFAULT NULL,
  PRIMARY KEY (`id`)
) ENGINE=InnoDB AUTO_INCREMENT=31 DEFAULT CHARSET=utf8mb4 COLLATE=utf8mb4_0900_ai_ci;
/*!40101 SET character_set_client = @saved_cs_client */;

--
-- Dumping data for table `celdas`
--

LOCK TABLES `celdas` WRITE;
/*!40000 ALTER TABLE `celdas` DISABLE KEYS */;
INSERT INTO `celdas` VALUES (1,'','','','','',''),(2,'','','','','',''),(3,'','','','','',''),(4,'','','','','',''),(5,'','','','','',''),(6,'','','','','',''),(7,'','','','','',''),(8,'','','','','',''),(9,'','','','','',''),(10,'','','','','',''),(11,'','','','','',''),(12,'','','','','',''),(13,'','','','','',''),(14,'','','','','',''),(15,'','','','','',''),(16,'','','','','',''),(17,'','','','','',''),(18,'','','','','',''),(19,'','','','','',''),(20,'','','','','',''),(21,'','','','','',''),(22,'','','','','',''),(23,'','','','','',''),(24,'','','','','',''),(25,'','','','','',''),(26,'','','','','',''),(27,'','','','','',''),(28,'','','','','',''),(29,'','','','','',''),(30,'','','','','','');
/*!40000 ALTER TABLE `celdas` ENABLE KEYS */;
UNLOCK TABLES;

--
-- Table structure for table `grado`
--

DROP TABLE IF EXISTS `grado`;
/*!40101 SET @saved_cs_client     = @@character_set_client */;
/*!50503 SET character_set_client = utf8mb4 */;
CREATE TABLE `grado` (
  `grado` int(11) NOT NULL,
  PRIMARY KEY (`grado`)
) ENGINE=InnoDB DEFAULT CHARSET=utf8mb4 COLLATE=utf8mb4_0900_ai_ci;
/*!40101 SET character_set_client = @saved_cs_client */;

--
-- Dumping data for table `grado`
--

LOCK TABLES `grado` WRITE;
/*!40000 ALTER TABLE `grado` DISABLE KEYS */;
INSERT INTO `grado` VALUES (1),(2),(3),(4),(5),(6);
/*!40000 ALTER TABLE `grado` ENABLE KEYS */;
UNLOCK TABLES;

--
-- Table structure for table `grupo`
--

DROP TABLE IF EXISTS `grupo`;
/*!40101 SET @saved_cs_client     = @@character_set_client */;
/*!50503 SET character_set_client = utf8mb4 */;
CREATE TABLE `grupo` (
  `grupo` varchar(1) NOT NULL,
  PRIMARY KEY (`grupo`)
) ENGINE=InnoDB DEFAULT CHARSET=utf8mb4 COLLATE=utf8mb4_0900_ai_ci;
/*!40101 SET character_set_client = @saved_cs_client */;

--
-- Dumping data for table `grupo`
--

LOCK TABLES `grupo` WRITE;
/*!40000 ALTER TABLE `grupo` DISABLE KEYS */;
INSERT INTO `grupo` VALUES ('A'),('B');
/*!40000 ALTER TABLE `grupo` ENABLE KEYS */;
UNLOCK TABLES;

--
-- Table structure for table `inasistencia`
--

DROP TABLE IF EXISTS `inasistencia`;
/*!40101 SET @saved_cs_client     = @@character_set_client */;
/*!50503 SET character_set_client = utf8mb4 */;
CREATE TABLE `inasistencia` (
  `id_ina` tinyint(5) NOT NULL,
  `curp` varchar(18) NOT NULL,
  `mes` varchar(15) NOT NULL,
  `dias` tinyint(2) NOT NULL,
  PRIMARY KEY (`id_ina`),
  KEY `Fk_curp_ina_idx` (`curp`),
  CONSTRAINT `Fk_curp_ina` FOREIGN KEY (`curp`) REFERENCES `alumno` (`curp`) ON DELETE CASCADE ON UPDATE CASCADE
) ENGINE=InnoDB DEFAULT CHARSET=utf8mb4 COLLATE=utf8mb4_0900_ai_ci;
/*!40101 SET character_set_client = @saved_cs_client */;

--
-- Dumping data for table `inasistencia`
--

LOCK TABLES `inasistencia` WRITE;
/*!40000 ALTER TABLE `inasistencia` DISABLE KEYS */;
INSERT INTO `inasistencia` VALUES (36,'JJJJJDHS63792NDMSF','Enero',3),(37,'JJJJJDHS63792NDMSF','Febrero',3),(38,'JJJJJDHS63792NDMSF','Marzo',2),(39,'JJJJJDHS63792NDMSF','Abril',4),(40,'JJJJJDHS63792NDMSF','Mayo',4),(41,'JJJJJDHS63792NDMSF','Junio',3),(42,'ZABA110620HGRRSRA7','Diagnostico',2),(43,'ZABA110620HGRRSRA7','Septiembre',2),(44,'ZABA110620HGRRSRA7','Octubre',3),(45,'MAGS110519HGRRNNA3','Junio',1),(46,'LEFD110313MGRNLRA3','Septiembre',6),(47,'PAAK111103MGRLRRA8','Septiembre',5),(48,'SOCR110715HGRTVGA0','Nov/Dic',8),(49,'SOCR110715HGRTVGA0','Nov/Dic',1),(50,'SOCR110715HGRTVGA0','Nov/Dic',5),(51,'SOCR110715HGRTVGA0','Nov/Dic',4),(52,'SOCR110715HGRTVGA0','Nov/Dic',7),(53,'SOCR110715HGRTVGA0','Octubre',5),(54,'SOCR110715HGRTVGA0','Nov/Dic',2);
/*!40000 ALTER TABLE `inasistencia` ENABLE KEYS */;
UNLOCK TABLES;

--
-- Table structure for table `listas`
--

DROP TABLE IF EXISTS `listas`;
/*!40101 SET @saved_cs_client     = @@character_set_client */;
/*!50503 SET character_set_client = utf8mb4 */;
CREATE TABLE `listas` (
  `grado_grupo` varchar(2) NOT NULL,
  `mes` varchar(15) NOT NULL,
  `direccion` tinytext NOT NULL,
  PRIMARY KEY (`grado_grupo`)
) ENGINE=InnoDB DEFAULT CHARSET=utf8mb4 COLLATE=utf8mb4_0900_ai_ci;
/*!40101 SET character_set_client = @saved_cs_client */;

--
-- Dumping data for table `listas`
--

LOCK TABLES `listas` WRITE;
/*!40000 ALTER TABLE `listas` DISABLE KEYS */;
INSERT INTO `listas` VALUES ('1A','Septiembre','C:\\Users\\PC\\Documents\\GPS\\boletas\\Lista_1A_Septiembre.pdf'),('1B','Octubre','C:\\Users\\PC\\Documents\\GPS\\boletas\\Lista_1B_Septiembre.pdf');
/*!40000 ALTER TABLE `listas` ENABLE KEYS */;
UNLOCK TABLES;

--
-- Table structure for table `materias`
--

DROP TABLE IF EXISTS `materias`;
/*!40101 SET @saved_cs_client     = @@character_set_client */;
/*!50503 SET character_set_client = utf8mb4 */;
CREATE TABLE `materias` (
  `clave_materia` varchar(10) NOT NULL,
  `materia` mediumtext NOT NULL,
  `grado` int(11) NOT NULL,
  PRIMARY KEY (`clave_materia`),
  KEY `Fk_grado_mat_idx` (`grado`),
  CONSTRAINT `Fk_grado_mat` FOREIGN KEY (`grado`) REFERENCES `grado` (`grado`)
) ENGINE=InnoDB DEFAULT CHARSET=utf8mb4 COLLATE=utf8mb4_0900_ai_ci;
/*!40101 SET character_set_client = @saved_cs_client */;

--
-- Dumping data for table `materias`
--

LOCK TABLES `materias` WRITE;
/*!40000 ALTER TABLE `materias` DISABLE KEYS */;
INSERT INTO `materias` VALUES ('art001','Artes',1),('art002','Artes',2),('art003','Artes',3),('art004','Artes',4),('art005','Artes',5),('art006','Artes',6),('cinatu003','Ciencias Naturales',3),('cinatu004','Ciencias Naturales',4),('cinatu005','Ciencias Naturales',5),('cinatu006','Ciencias Naturales',6),('conome001','Conocimiento del Medio',1),('conome002','Conocimiento del Medio',2),('edufisi001','Educación Física',1),('edufisi002','Educación Física',2),('edufisi004','Educación Física',4),('edufisi005','Educación Física',5),('edufisi006','Educación Física',6),('edusoc001','Educación Socioemocional',1),('edusoc002','Educación Socioemocional',2),('edusoc003','Educación Socioemocional',3),('edusoc004','Educación Socioemocional',4),('edusoc005','Educación Socioemocional',5),('edusoc006','Educación Socioemocional',6),('entvivo003','La entidad donde vivo',3),('espa003','Español',3),('espa004','Español',4),('espa005','Español',5),('espa006','Español',6),('fce003','Formación Cívica y Ética',3),('fce004','Formación Cívica y Ética',4),('fce005','Formación Cívica y Ética',5),('fce006','Formación Cívica y Ética',6),('geo004','Geografía',4),('geo005','Geografía',5),('geo006','Geografía',6),('his004','Historia',4),('his005','Historia',5),('his006','Historia',6),('infrob001','Informática y Robótica',1),('infrob002','Informática y Robótica',2),('infrob003','Informatica y Robotica',3),('infrob004','Informatica y Robotica',4),('infrob005','Informática y Robótica',5),('infrob006','Informática y Robótica',6),('ingles001','Inglés',1),('ingles002','Inglés',2),('ingles003','Inglés',3),('ingles004','Inglés',4),('ingles005','Inglés',5),('ingles006','Inglés',6),('lenma001','Lengua Materna',1),('lenma002','Lengua Materna',2),('mate001','Matemáticas',1),('mate002','Matemáticas',2),('mate003','Matemáticas',3),('mate004','Matemáticas',4),('mate005','Matemáticas',5),('mate006','Matemáticas',6);
/*!40000 ALTER TABLE `materias` ENABLE KEYS */;
UNLOCK TABLES;

--
-- Table structure for table `observaciones`
--

DROP TABLE IF EXISTS `observaciones`;
/*!40101 SET @saved_cs_client     = @@character_set_client */;
/*!50503 SET character_set_client = utf8mb4 */;
CREATE TABLE `observaciones` (
  `id_observaciones` smallint(5) NOT NULL AUTO_INCREMENT,
  `trimestre` varchar(7) NOT NULL DEFAULT '0',
  `observacion` tinytext CHARACTER SET utf8mb4 COLLATE utf8mb4_0900_ai_ci NOT NULL,
  `curp` varchar(18) NOT NULL,
  PRIMARY KEY (`id_observaciones`),
  KEY `Fk_curp_observ_idx` (`curp`),
  CONSTRAINT `Fk_curp_observ` FOREIGN KEY (`curp`) REFERENCES `alumno` (`curp`) ON DELETE CASCADE ON UPDATE CASCADE
) ENGINE=InnoDB AUTO_INCREMENT=8 DEFAULT CHARSET=utf8mb4 COLLATE=utf8mb4_0900_ai_ci;
/*!40101 SET character_set_client = @saved_cs_client */;

--
-- Dumping data for table `observaciones`
--

LOCK TABLES `observaciones` WRITE;
/*!40000 ALTER TABLE `observaciones` DISABLE KEYS */;
/*!40000 ALTER TABLE `observaciones` ENABLE KEYS */;
UNLOCK TABLES;

--
-- Table structure for table `promedios`
--

DROP TABLE IF EXISTS `promedios`;
/*!40101 SET @saved_cs_client     = @@character_set_client */;
/*!50503 SET character_set_client = utf8mb4 */;
CREATE TABLE `promedios` (
  `idpromedios` int(11) NOT NULL,
  `promedio` double NOT NULL,
  `clave_materia` varchar(15) NOT NULL,
  `curp` varchar(18) NOT NULL,
  PRIMARY KEY (`idpromedios`),
  KEY `f_materia_idx` (`clave_materia`),
  KEY `f_curp_idx` (`curp`),
  CONSTRAINT `f_curp` FOREIGN KEY (`curp`) REFERENCES `alumno` (`curp`) ON DELETE CASCADE ON UPDATE CASCADE,
  CONSTRAINT `f_materia` FOREIGN KEY (`clave_materia`) REFERENCES `materias` (`clave_materia`) ON DELETE CASCADE ON UPDATE CASCADE
) ENGINE=InnoDB DEFAULT CHARSET=utf8mb4 COLLATE=utf8mb4_0900_ai_ci;
/*!40101 SET character_set_client = @saved_cs_client */;

--
-- Dumping data for table `promedios`
--

LOCK TABLES `promedios` WRITE;
/*!40000 ALTER TABLE `promedios` DISABLE KEYS */;
INSERT INTO `promedios` VALUES (0,7.3,'art006','PITR940215HTSZHD04'),(1,6.1,'art001','CAMM551229HGRRRG06'),(2,7.3,'conome001','CAMM551229HGRRRG06'),(3,8.2,'edufisi001','CAMM551229HGRRRG06'),(4,8.2,'edusoc001','CAMM551229HGRRRG06'),(5,8.6,'infrob001','CAMM551229HGRRRG06'),(6,7.8,'ingles001','CAMM551229HGRRRG06'),(7,8.5,'lenma001','CAMM551229HGRRRG06'),(8,8.1,'mate001','CAMM551229HGRRRG06'),(9,6.9,'art003','MAGS110519HGRRNNA3'),(10,7.4,'cinatu003','MAGS110519HGRRNNA3'),(11,8.2,'edusoc003','MAGS110519HGRRNNA3'),(12,8.5,'entvivo003','MAGS110519HGRRNNA3'),(13,8.4,'espa003','MAGS110519HGRRNNA3'),(14,8.5,'fce003','MAGS110519HGRRNNA3'),(15,9,'infrob003','MAGS110519HGRRNNA3'),(16,8,'ingles003','MAGS110519HGRRNNA3'),(17,8.2,'mate003','MAGS110519HGRRNNA3');
/*!40000 ALTER TABLE `promedios` ENABLE KEYS */;
UNLOCK TABLES;

--
-- Table structure for table `reporte`
--

DROP TABLE IF EXISTS `reporte`;
/*!40101 SET @saved_cs_client     = @@character_set_client */;
/*!50503 SET character_set_client = utf8mb4 */;
CREATE TABLE `reporte` (
  `id_reporte` int(11) NOT NULL,
  `id_usuario` varchar(15) NOT NULL,
  `fecha_acceso` varchar(10) NOT NULL,
  `hora_entrada` time NOT NULL,
  `hora_salida` time DEFAULT NULL,
  PRIMARY KEY (`id_reporte`),
  KEY `Fk_usuario_idx` (`id_usuario`),
  CONSTRAINT `Fk_usuario` FOREIGN KEY (`id_usuario`) REFERENCES `usuario` (`id_usuario`) ON DELETE CASCADE ON UPDATE CASCADE
) ENGINE=InnoDB DEFAULT CHARSET=utf8mb4 COLLATE=utf8mb4_0900_ai_ci;
/*!40101 SET character_set_client = @saved_cs_client */;

--
-- Dumping data for table `reporte`
--

LOCK TABLES `reporte` WRITE;
/*!40000 ALTER TABLE `reporte` DISABLE KEYS */;
INSERT INTO `reporte` VALUES (1,'Ejemplo','2020-12-29','19:53:55','00:00:00'),(2,'Ejemplo','2020-12-29','20:00:02','00:00:00'),(3,'Ejemplo','2020-12-29','20:01:57','00:00:00'),(4,'Ejemplo','2020-12-29','20:05:25','00:00:00'),(5,'Ejemplo','2020-12-29','20:07:04','00:00:00'),(6,'Ejemplo','2020-12-30','16:02:30','00:00:00'),(7,'Ejemplo','2020-12-30','16:07:32','16:09:19'),(8,'Ejemplo','2020-12-30','16:09:40','00:00:00'),(9,'Ejemplo','2020-12-30','17:52:28','17:53:39'),(10,'Ejemplo','2020-12-30','18:14:06','00:00:00'),(11,'Ejemplo','2020-12-30','18:15:52','00:00:00'),(12,'Ejemplo','2020-12-30','18:22:17','00:00:00'),(13,'Ejemplo','2020-12-30','18:32:06','00:00:00'),(14,'Ejemplo','2020-12-30','18:38:35','00:00:00'),(15,'Ejemplo','2020-12-30','18:46:51','00:00:00'),(16,'Ejemplo','2020-12-30','18:48:51','00:00:00'),(17,'Ejemplo','2020-12-30','18:51:36','00:00:00'),(18,'Ejemplo','2020-12-30','18:55:05','00:00:00'),(19,'Ejemplo','2020-12-30','19:02:20','00:00:00'),(20,'Ejemplo','2020-12-30','19:03:13','19:05:05'),(21,'Ejemplo','2020-12-30','19:05:11','00:00:00'),(22,'Ejemplo','2020-12-30','19:07:16','00:00:00'),(23,'Ejemplo','2020-12-30','19:10:33','00:00:00'),(24,'Ejemplo','2020-12-30','19:12:45','19:20:58'),(25,'Ejemplo','2021-01-01','16:07:49','00:00:00'),(26,'Ejemplo','2021-01-01','16:11:53','00:00:00'),(27,'Ejemplo','2021-01-01','16:13:40','16:14:30'),(28,'Ejemplo','2021-01-01','16:15:51','16:16:21'),(29,'Ejemplo','2021-01-01','16:16:57','00:00:00'),(30,'Ejemplo','2021-01-01','16:18:46','00:00:00'),(31,'Ejemplo','2021-01-01','16:19:46','00:00:00'),(32,'Ejemplo','2021-01-01','16:27:05','00:00:00'),(33,'Ejemplo','2021-01-01','16:27:43','00:00:00'),(34,'Ejemplo','2021-01-01','16:31:01','00:00:00'),(35,'Ejemplo','2021-01-01','16:34:13','19:36:57'),(36,'Ejemplo','2021-01-01','19:37:12','00:00:00'),(37,'Ejemplo','2021-01-01','20:28:09','00:00:00'),(38,'Ejemplo','2021-01-01','20:47:03','00:00:00'),(39,'Ejemplo','2021-01-01','20:53:38','00:00:00'),(40,'Ejemplo','2021-01-01','21:01:52','00:00:00'),(41,'Ejemplo','2021-01-01','21:09:59','21:23:06'),(42,'Ejemplo','2021-01-01','21:27:56','00:00:00'),(43,'Ejemplo','2021-01-01','21:59:20','00:00:00'),(44,'Ejemplo','2021-01-01','22:12:13','00:00:00'),(45,'Ejemplo','2021-01-01','22:31:27','00:00:00'),(46,'Ejemplo','2021-01-02','12:16:04','13:34:56'),(47,'Ejemplo','2021-01-02','15:05:26','00:00:00'),(48,'Ejemplo','2021-01-02','18:26:40','19:15:08'),(49,'Ejemplo','2021-01-02','19:15:18','00:00:00'),(50,'Ejemplo','2021-01-02','19:29:39','20:37:25'),(51,'Ejemplo','2021-01-02','20:37:51','21:41:46'),(52,'Ejemplo','2021-01-03','13:37:03','13:49:20'),(53,'Ejemplo','2021-01-03','13:50:23','16:06:32'),(54,'Ejemplo','2021-01-03','18:10:05','19:53:09'),(55,'Ejemplo','2021-01-04','13:07:00','00:00:00'),(56,'Ejemplo','2021-01-04','13:51:25','00:00:00'),(57,'Ejemplo','2021-01-04','14:10:46','00:00:00'),(58,'Ejemplo','2021-01-04','14:37:10','00:00:00'),(59,'Ejemplo','2021-01-04','14:42:45','00:00:00'),(60,'Ejemplo','2021-01-04','14:51:14','00:00:00'),(61,'Ejemplo','2021-01-04','15:11:08','00:00:00');
/*!40000 ALTER TABLE `reporte` ENABLE KEYS */;
UNLOCK TABLES;

--
-- Table structure for table `usuario`
--

DROP TABLE IF EXISTS `usuario`;
/*!40101 SET @saved_cs_client     = @@character_set_client */;
/*!50503 SET character_set_client = utf8mb4 */;
CREATE TABLE `usuario` (
  `id_usuario` varchar(15) NOT NULL,
  `contraseña` varchar(4) NOT NULL,
  `tipo` varchar(15) NOT NULL,
  PRIMARY KEY (`id_usuario`)
) ENGINE=InnoDB DEFAULT CHARSET=utf8mb4 COLLATE=utf8mb4_0900_ai_ci;
/*!40101 SET character_set_client = @saved_cs_client */;

--
-- Dumping data for table `usuario`
--

LOCK TABLES `usuario` WRITE;
/*!40000 ALTER TABLE `usuario` DISABLE KEYS */;
INSERT INTO `usuario` VALUES ('Administrador','0246','administrador'),('alex','1','user'),('Ejemplo','4321','usuario'),('HispanoControl','9182','usuario');
/*!40000 ALTER TABLE `usuario` ENABLE KEYS */;
UNLOCK TABLES;

--
-- Dumping routines for database 'control_escolar'
--
/*!50003 DROP PROCEDURE IF EXISTS `ContarGrupo` */;
/*!50003 SET @saved_cs_client      = @@character_set_client */ ;
/*!50003 SET @saved_cs_results     = @@character_set_results */ ;
/*!50003 SET @saved_col_connection = @@collation_connection */ ;
/*!50003 SET character_set_client  = utf8mb4 */ ;
/*!50003 SET character_set_results = utf8mb4 */ ;
/*!50003 SET collation_connection  = utf8mb4_0900_ai_ci */ ;
/*!50003 SET @saved_sql_mode       = @@sql_mode */ ;
/*!50003 SET sql_mode              = 'STRICT_TRANS_TABLES,NO_ENGINE_SUBSTITUTION' */ ;
DELIMITER ;;
CREATE DEFINER=`root`@`localhost` PROCEDURE `ContarGrupo`(
    IN grad INT,IN grup VARCHAR(1)
    )
BEGIN
		select COUNT(*) into @hombre
        FROM alumno WHERE sexo ='m' AND grado = grad AND grupo = grup;
		
		SELECT COUNT(*) INTO @mujer 
        FROM alumno 
        WHERE sexo = 'f' AND grado = grad AND grupo = grup;   
        
		set @total = @hombre + @mujer;
        
		SELECT 
		grad AS Grado,
		grup AS Grupo,
		@hombre AS Hombres,
		@mujer AS Mujeres,
		@total AS Total;


	END ;;
DELIMITER ;
/*!50003 SET sql_mode              = @saved_sql_mode */ ;
/*!50003 SET character_set_client  = @saved_cs_client */ ;
/*!50003 SET character_set_results = @saved_cs_results */ ;
/*!50003 SET collation_connection  = @saved_col_connection */ ;
/*!50003 DROP PROCEDURE IF EXISTS `TotalHombresMujeres` */;
/*!50003 SET @saved_cs_client      = @@character_set_client */ ;
/*!50003 SET @saved_cs_results     = @@character_set_results */ ;
/*!50003 SET @saved_col_connection = @@collation_connection */ ;
/*!50003 SET character_set_client  = utf8mb4 */ ;
/*!50003 SET character_set_results = utf8mb4 */ ;
/*!50003 SET collation_connection  = utf8mb4_0900_ai_ci */ ;
/*!50003 SET @saved_sql_mode       = @@sql_mode */ ;
/*!50003 SET sql_mode              = 'NO_AUTO_VALUE_ON_ZERO' */ ;
DELIMITER ;;
CREATE DEFINER=`root`@`localhost` PROCEDURE `TotalHombresMujeres`()
BEGIN
		select COUNT(*)  INTO @h1
        FROM alumno WHERE sexo ='m' 
        AND grado = 1 
        AND grupo = 'A';
        
        select COUNT(*)  INTO @h2
        FROM alumno WHERE sexo ='m' 
        AND grado = 1 
        AND grupo = 'B';
        
        select COUNT(*)  INTO @h3
        FROM alumno WHERE sexo ='m' 
        AND grado = 2 
        AND grupo = 'A';
        
        select COUNT(*)  INTO @h4
        FROM alumno WHERE sexo ='m' 
        AND grado = 2 
        AND grupo = 'B';
        
        select COUNT(*)  INTO @h5
        FROM alumno WHERE sexo ='m' 
        AND grado = 3 
        AND grupo = 'A';
        
        select COUNT(*)  INTO @h6
        FROM alumno WHERE sexo ='m' 
        AND grado = 3 
        AND grupo = 'B';
        
        select COUNT(*)  INTO @h7
        FROM alumno WHERE sexo ='m' 
        AND grado = 4 
        AND grupo = 'A';
        
        select COUNT(*)  INTO @h8
        FROM alumno WHERE sexo ='m' 
        AND grado = 4 
        AND grupo = 'B';
        
        select COUNT(*)  INTO @h9
        FROM alumno WHERE sexo ='m' 
        AND grado = 5 
        AND grupo = 'A';
        
        select COUNT(*)  INTO @h10
        FROM alumno WHERE sexo ='m' 
        AND grado = 5 
        AND grupo = 'B';
        
        select COUNT(*)  INTO @h11
        FROM alumno WHERE sexo ='m' 
        AND grado = 6 
        AND grupo = 'A';
        
        select COUNT(*)  INTO @h12
        FROM alumno WHERE sexo ='m' 
        AND grado = 6 
        AND grupo = 'B';
        
       
        select COUNT(*)  INTO @m1
        FROM alumno WHERE sexo ='f' 
        AND grado = 1 
        AND grupo = 'A';
        
        select COUNT(*)  INTO @m2
        FROM alumno WHERE sexo ='f' 
        AND grado = 1 
        AND grupo = 'B';
        
        select COUNT(*)  INTO @m3
        FROM alumno WHERE sexo ='f' 
        AND grado = 2 
        AND grupo = 'A';
        
        select COUNT(*)  INTO @m4
        FROM alumno WHERE sexo ='f' 
        AND grado = 2 
        AND grupo = 'B';
        
        select COUNT(*)  INTO @m5
        FROM alumno WHERE sexo ='f' 
        AND grado = 3 
        AND grupo = 'A';
        
        select COUNT(*)  INTO @m6
        FROM alumno WHERE sexo ='f' 
        AND grado = 3 
        AND grupo = 'B';
        
        select COUNT(*)  INTO @m7
        FROM alumno WHERE sexo ='f' 
        AND grado = 4 
        AND grupo = 'A';
        
        select COUNT(*)  INTO @m8
        FROM alumno WHERE sexo ='f' 
        AND grado = 4 
        AND grupo = 'B';
        
        select COUNT(*)  INTO @m9
        FROM alumno WHERE sexo ='f' 
        AND grado = 5 
        AND grupo = 'A';
        
        select COUNT(*)  INTO @m10
        FROM alumno WHERE sexo ='f' 
        AND grado = 5 
        AND grupo = 'B';
        
        select COUNT(*)  INTO @m11
        FROM alumno WHERE sexo ='f' 
        AND grado = 6 
        AND grupo = 'A';
        
        select COUNT(*)  INTO @m12
        FROM alumno WHERE sexo ='f' 
        AND grado = 6 
        AND grupo = 'B';
        
        
        
       SET @hombres = @h1+@h2+@h3+@h4+@h5+@h6+@h7+@h8+@h9+@h10+@h11+@h12;  
       SET @mujeres = @m1+@m2+@m3+@m4+@m5+@m6+@m7+@m8+@m9+@m10+@m11+@m12; 
       SET @total= @hombres+@mujeres;
		
        
        select @hombres,@mujeres,@total;  
	END ;;
DELIMITER ;
/*!50003 SET sql_mode              = @saved_sql_mode */ ;
/*!50003 SET character_set_client  = @saved_cs_client */ ;
/*!50003 SET character_set_results = @saved_cs_results */ ;
/*!50003 SET collation_connection  = @saved_col_connection */ ;
/*!40103 SET TIME_ZONE=@OLD_TIME_ZONE */;

/*!40101 SET SQL_MODE=@OLD_SQL_MODE */;
/*!40014 SET FOREIGN_KEY_CHECKS=@OLD_FOREIGN_KEY_CHECKS */;
/*!40014 SET UNIQUE_CHECKS=@OLD_UNIQUE_CHECKS */;
/*!40101 SET CHARACTER_SET_CLIENT=@OLD_CHARACTER_SET_CLIENT */;
/*!40101 SET CHARACTER_SET_RESULTS=@OLD_CHARACTER_SET_RESULTS */;
/*!40101 SET COLLATION_CONNECTION=@OLD_COLLATION_CONNECTION */;
/*!40111 SET SQL_NOTES=@OLD_SQL_NOTES */;

-- Dump completed on 2021-01-04 15:45:56
